id,station_id,date,gph200_0,gph850_0,h200_0,h850_0,p_msl_0,p_sfl_0,temp200_0,temp850_0,u200_0,u850_0,v200_0,v850_0,gph200_6,gph850_6,h200_6,h850_6,p_msl_6,p_sfl_6,temp200_6,temp850_6,u200_6,u850_6,v200_6,v850_6,gph200_12,gph850_12,h200_12,h850_12,p_msl_12,p_sfl_12,temp200_12,temp850_12,u200_12,u850_12,v200_12,v850_12,gph200_18,gph850_18,h200_18,h850_18,p_msl_18,p_sfl_18,temp200_18,temp850_18,u200_18,u850_18,v200_18,v850_18,actual_rainfall,predict_rainfall
,455601,2012-03-02,12395,1487.28,65,67,100758,98687,220.1,292.8,6.5,-3.62,13.74,0.83,12417,1491.18,68,73,100650,98519.4,220,292.9,4.7,0.37,4.2,1.7,12407.8,1479.81,67,79,100637,98373.6,220,292.3,4.3,1.88,4.52,3.56,12410.1,1496.37,70,79,100926,98750.8,219.8,291.4,6,1.84,5.69,3.32,0,0
,455601,2012-03-03,12387.4,1484.83,77,73,100801,98679.4,219.4,291.6,4.5,-2.72,5.8,2.59,12407.2,1493,81,71,100829,98732.6,219.3,291.6,4.9,-1.83,4.8,2.78,12404.3,1480.13,64,65,100630,98511.4,219.8,292.3,5.3,-2.41,4.5,3.38,12420.7,1494.07,45,64,100810,98704.4,220.6,292.5,5.6,0.41,2.6,4.2,0,0
,455601,2012-03-04,12400.2,1491.17,19,67,100828,98711,220.5,292,14.2,0.65,-1.9,3.14,12417.1,1494.73,25,74,100863,98638.8,219.8,291,6,1.34,-2.3,3.57,12411.3,1482.98,20,66,100707,98531,220.6,291.9,5.3,1.62,-4.5,4.58,12416.6,1495.78,12,65,100881,98740.6,220.6,291.6,2.4,1.88,-7.1,4.64,0,0
,455601,2012-03-05,12396.2,1490.9,8,68,100868,98732.2,220.5,291,1.4,1.65,-3.6,4.59,12413,1488.55,16,77,100740,98697.4,220.4,291.2,2.2,2.95,-4.6,2.3,12414.2,1478.72,15,75,100608,98462.6,220,291.7,1.2,3.06,-4,0.16,12417.9,1489.75,13,75,100806,98666,219.4,291.3,0.1,2.5,-2.7,1.24,0,0
,455601,2012-03-06,12396.8,1487.22,11,75,100829,98727.6,219.5,290.9,0.8,2.26,-2.4,1.84,12403.3,1483.66,8,75,100770,98570.4,220.2,290.6,0.2,3.39,-3.1,1.13,12407.4,1478.47,5,65,100630,98423.4,220.2,292.2,-4.5,4.53,-2.9,1.35,12405,1484.67,22,63,100751,98634.4,220.1,291.8,-4.3,5.27,-2.2,0.87,0,0
,455601,2012-03-07,12384.2,1490.05,7,57,100880,98775.6,220.4,291.1,-6.7,3.2,-1.5,0.59,12396.6,1481.73,4,52,100598,98505.6,220.8,292.4,-7.4,2.33,1.4,1.04,12410.5,1472.79,3,47,100480,98643.8,220.9,293.8,-5.3,1.07,4,-0.84,12408.6,1481.01,7,49,100642,98553.6,220.4,293.1,-5.2,-0.37,4.3,-2.17,0,0
,455601,2012-03-08,12394.2,1486.55,6,53,100784,98696.8,220.6,292.4,-6.6,-2.22,4.7,0.59,12404,1485.01,20,72,100658,98491.4,220.8,291.7,-5.9,-1.3,7.4,0.68,12406.4,1481.24,58,75,100647,98408.8,220.1,292,-3.9,-3.35,7.8,-1.64,12404.7,1492.97,84,73,100819,98715.8,219.3,292,-1.5,-2.55,7.8,0.69,0,0
,455601,2012-03-09,12394.6,1490.33,98,68,100824,98712.2,218.7,291.9,2.5,-2.86,11.3,-3.3,12402.8,1489,80,79,100776,98542.2,219.2,291.1,1,-2.17,8.2,-3.11,12409.8,1483.2,56,72,100676,98472.6,219.8,292.1,-5.3,-3.04,7.37,-3.01,12413.3,1487.94,71,66,100747,98646.8,219.4,292.7,-3.9,-5.58,7.4,-2.15,0,0
,455601,2012-03-10,12397.8,1487.18,80,71,100778,98665.4,218.968,292,0.7,-5.83,5.5,0.21,12404.9,1490.46,51,79,100717,98558.4,219.6,291.9,-2.3,-3.55,4.26,-0.55,12399.7,1483.44,43,78,100646,98453.6,219.8,292.4,-3.5,-2.59,4.91,-2.05,12404.5,1494.11,42,64,100796,98683.4,219.6,293,-4.21,-4.91,4.38,-3.84,0,0
,455601,2012-03-11,12386.7,1492.79,49,55,100808,98726.6,219.1,292.9,-3.2,-4.63,4.71,-3.35,12397.9,1497.3,52,59,100752,98685.4,219.2,292.9,-2.7,-1.91,6.69,-1.78,12396.4,1489.67,44,59,100617,98522.2,219.4,293.5,-3.46,-1.34,8.41,-2.09,12403.7,1493.33,37,62,100784,98633.8,219.6,292.8,0,-1.75,8.38,-1.83,0,0
,455601,2012-03-12,12386.1,1496.01,57,69,100882,98767.4,218.8,291.5,2.3,-4.03,6.9,-3.06,12399,1501.36,66,81,100876,98720.4,219.2,290.9,3.8,-2.39,5.4,0.83,12399.2,1495.99,72,80,100907,98711.6,219.4,290.7,4.34,-2.37,4.19,1.09,12407.6,1503.7,67,68,101012,98891.6,219.3,291.3,2.97,-3.85,2.36,1.92,0,0
,455601,2012-03-13,12385.8,1505.72,54,74,101075,98958.4,219.1,290.5,1.68,-2.41,2.22,2.31,12396.8,1509.7,38,83,101141,98971.8,219.3,289.2,0.43,-0.62,4.7,1.15,12397.7,1505.22,37,80,101073,98905.4,219.1,290,0.5,0.24,4.03,1.17,12407.3,1510.81,30,68,101143,99024.4,219.2,291,0.8,-1.63,5.08,1.16,0,0
,455601,2012-03-14,12387.7,1511.92,26,67,101140,99020.8,219.6,290.9,1.1,-3.38,6.3,0.58,12400.4,1516.97,15,77,101088,98980.4,220.4,290.4,0.4,-2.66,8.95,-2.69,12397.1,1512.19,15,80,101043,98901.6,220,290.7,0,-2.28,6.45,-1.99,12407.5,1515.67,45,73,101135,99032.8,219.4,291,-4.6,-3.52,6.21,-2.09,5.5,0
,455601,2012-03-15,12381.5,1517.84,51,67,101182,99078.6,219.1,291,-4.2,-4.95,5.6,-3.41,12383.8,1514.66,45,65,101050,98869.4,219.3,291.1,-2.6,-3.07,6.81,-2.55,12387.3,1509.08,37,67,101000,98831.6,219.3,291.4,-1.6,-3.91,8.73,-2.56,12393.3,1513.49,72,65,101120,98997,218.6,291.1,0.6,-4.26,13.79,-1.63,0,0
,455601,2012-03-16,12372.3,1510.3,60,67,101120,99005.4,218.5,290.8,2.2,-2.91,13.4,-0.79,12379.8,1510.65,46,70,100968,98819.4,218.9,291.2,0.9,0.26,14.96,0.41,12377.9,1502.24,35,68,100889,98695.2,218.9,291.5,0.6,1.39,16,1.1,12379.6,1506.19,28,66,101011,98869.2,219.4,291.4,2.7,2.71,13.4,0.37,0,0
,455601,2012-03-17,12359.7,1508.84,32,62,101099,98989,218.9,291,4.3,1.72,7.6,-1.57,12366.2,1506.65,33,61,100906,98754.2,218.4,291.8,3.9,0.12,13.4,0.43,12365.9,1501.23,34,60,100849,98673.4,218.2,292.1,0.95,0.2,11.8,0.9,12370.3,1504.32,32,61,100956,98818.6,218.691,291.8,0.5,-1.79,16.03,0.81,0,0
,455601,2012-03-18,12348.1,1505.59,20,59,101040,98913.2,218.9,291.1,2.2,-4.7,14.5,2.34,12358.3,1509.43,27,66,100961,98796.8,218.9,291.3,-4.7,-2.25,14.1,1.6,12354.1,1501.85,37,62,100874,98716.8,218.8,291.8,-3.6,-0.77,16.84,0.67,12361.9,1505.9,38,61,100989,98871.8,218.8,291.6,-3.1,-2.68,15.2,1.32,0,0
,455601,2012-03-19,12345.4,1510.82,33,64,101111,98989.4,218.7,290.7,-4.4,-4.52,15.3,1.98,12359.2,1508.91,19,67,100944,98824.8,219.1,291.3,-3,-2.14,14.5,0.88,12359.3,1502.29,4,67,100882,98756,219.4,291.4,0.3,0.13,12.6,0.6,12367.8,1506.4,5,64,100997,98882.6,219.6,291.4,2.22,0.56,12.8,-2.1,0.6,0
,455601,2012-03-20,12354.1,1502.14,13,57,100995,98889,219.1,291.2,0.81,-4.5,12.5,0.46,12365.5,1511.66,16,69,101023,98878.2,218.6,290.7,0.95,-2.18,13.7,1.44,12367.5,1504.32,13,69,100959,98851.4,218.4,290.9,2.28,0.44,12.69,0.48,12377,1503.15,19,64,101000,98884.4,218.2,290.7,1.82,-2.35,12.09,0.21,0,0
,455601,2012-03-21,12363,1508.99,26,59,101094,98993,217.8,290.9,2.36,-2.52,6,-1.67,12368.8,1517.34,36,60,101059,98898.4,217.7,291.4,1.2,-1.81,6.6,1.28,12374.5,1512.48,38,63,101024,98883.4,217.6,291.4,-2.4,-1.11,7.1,0.95,12378.6,1513.31,46,68,101115,98994.4,217.5,290.8,0.5,-2.48,6.1,0.69,0,0
,455601,2012-03-22,12361.6,1517.18,54,68,101214,98408.8,217.4,290.2,-1.42,-3.98,6,0.3,12367,1526.65,56,74,101244,98476.8,217.6,290,-2.21,-3.23,6.3,0.62,12374.8,1516.8,49,69,101079,98966.6,217.4,291.1,-1.3,-2.76,11.8,-1.37,12377.9,1515,54,71,101120,99035.2,217.5,290.5,1.9,-2.61,7.8,-0.59,0,0
,455601,2012-03-23,12359,1523.51,64,66,101267,98450.8,217.2,290.2,2.7,-3.07,6.9,-2.89,12367.4,1523.27,52,64,101149,99004.6,217.6,290.9,2.5,-1.14,12.6,-1.67,12363.5,1514.31,49,65,101034,98918.6,217.9,291.2,1,-1.3,12.7,-1.56,12371.3,1512.47,57,60,101071,98968.4,217.8,291.2,2.1,-2.13,11.5,-2.51,0,0
,455601,2012-03-24,12347.5,1517.84,64,54,101177,98380.6,217.5,291,3.7,-3.91,13.8,-2.16,12357.5,1518.59,57,60,101070,98958.6,217.9,291.1,4.2,-2.82,15.4,-0.88,12364.8,1512.73,58,61,101009,98910.6,217.8,291.5,5.3,-2.69,13.7,-2.36,12372.5,1515.98,71,66,101100,98994.6,217.7,290.7,7.3,-3.35,11.3,-4.21,0,0
,455601,2012-03-25,12353.7,1524.94,81,63,101283,98554,217.4,289.9,6.6,-4.63,7.3,-4.21,12366.5,1530.37,62,62,101326,98588.8,217.8,290.4,6.1,-4.95,6.9,-3.14,12374.3,1522.09,70,52,101113,99003.6,217.6,291.7,5.3,-4.12,9.5,-2.59,12383.8,1523.16,78,50,101196,99081.8,217.5,291.6,2.3,-5.31,10.5,-2.83,0,0
,455601,2012-03-26,12363.7,1537.73,88,53,101445,98751.4,217.1,290.7,4.8,-4.5,9,-2.38,12371.1,1538.16,76,55,101294,98551.4,217.7,291.2,6.7,-3.89,11.4,-2.03,12379.6,1527.59,61,47,101132,98988,217.7,292.4,7.4,-3.96,8.47,-1.77,12383.4,1528.58,54,49,101247,98501.4,217.6,291.8,5.7,-4.78,5.82,-3.46,0,0
,455601,2012-03-27,12362.4,1530.63,66,54,101370,98662.8,217.1,290.7,5.6,-3.88,4.38,0.09,12367.1,1532.65,61,51,101212,98487.8,217.2,291.6,5.6,-3.79,5.36,-1.44,12371.4,1524.74,52,45,101067,98961.8,217.4,293.1,7.6,-4.57,6.2,-2.79,12377,1522.31,39,48,101169,98456.8,218,292.1,13.2,-5.7,3.6,-1.9,0,0
,455601,2012-03-28,12359.1,1533.71,55,49,101397,98743.8,217.7,291.1,5.8,-4.62,0.6,-2.23,12373.4,1532.62,45,49,101224,98523.6,218.1,291.5,2.8,-4.15,5,-2.28,12378.4,1524.01,58,43,101072,98966.8,217.7,292.9,3.6,-4.82,6.2,-3.05,12377.2,1525.15,62,43,101203,98494.8,217.8,292.1,4.3,-5.55,8.21,-2.79,0,0
,455601,2012-03-29,12360,1530.08,72,35,101347,98693.6,217.5,291.6,3.6,-4.13,8.24,-2.9,12370.9,1530.01,61,38,101198,98444.4,217.8,292,3.2,-4.6,8.26,-2.94,12384.5,1518.73,67,34,100999,98891.2,217.9,293.3,3.3,-3.83,8.77,-2.59,12381.1,1522.73,89,39,101159,99039.6,217.6,292.5,5,-5.05,8.18,-1.51,0,0
,455601,2012-03-30,12362.9,1525.41,64,43,101271,98519.4,217.9,291.4,6.6,-5.07,8.94,0.22,12367.3,1525.14,49,42,101136,99075.6,217.9,292,6.4,-1.77,10.89,-1.73,12378.2,1511.18,47,38,100906,98839.6,218.1,293.5,4.6,-1.69,8.72,-2.83,12378.9,1517.72,54,38,101052,98944.8,217.9,292.9,5.4,-3.05,6.25,-3.1,0,0
,455601,2012-03-31,12360.6,1516.16,61,41,101100,98992.6,217.6,291.9,6.82,-4.43,5.38,-3.74,12364.8,1512.92,54,42,100971,98863.6,217.6,292,6.28,-3.42,7.1,-1.91,12375.1,1499.75,45,39,100776,98658.6,218,293.2,6.97,-2.9,6,-2.21,12380.3,1507.66,45,40,100947,98807.8,218,292.5,7.1,-3.59,0.8,-2.79,2.4,0
,455601,2012-04-01,12358.8,1506.81,45,40,101012,98894.8,217.8,291.7,4.9,-3.15,0.4,-2.56,12369.5,1506.96,36,44,100895,98846.6,218.1,292.3,4.5,-1.85,4.5,-1.77,12375,1497.24,28,40,100757,98690.6,218.8,293.2,4.6,-0.85,4.6,-1.8,12384.3,1506.11,38,44,100935,98829.2,218.5,292.5,5.3,-2.26,0.6,-1.63,0,0
,455601,2012-04-02,12369.9,1506.34,42,50,101022,98917.4,218.2,291.6,4.9,-2.94,2.4,-2.92,12378.7,1505.85,44,48,100841,98732.2,218.3,293.1,3.9,-2.97,4,-1.29,12390,1497.98,43,42,100684,98559.8,218.4,294.7,4.18,-3.28,3.3,-2.08,12397.4,1506.34,37,40,100881,98774.8,218.7,293.9,2.7,-4.5,4,0.3,0,0
,455601,2012-04-03,12378,1511.62,36,45,101025,98909.8,218.7,292.7,3,-4.61,5.1,-3.74,12388,1509.02,27,41,100835,98744,219.6,294,1.7,-3.5,5.1,-2.9,12402.5,1502.87,28,34,100707,98625.6,219.9,295.4,0,-3.89,5.5,-4.46,12399.1,1511.35,38,33,100919,98821.8,219.8,294.6,0.8,-5.95,6.2,-3.29,0,0
,455601,2012-04-04,12388.5,1509.64,38,38,101011,98918.2,219.6,293.3,3.5,-5.85,2.85,-2.32,12390.2,1508.97,34,47,100869,98749.4,219.1,293,1.9,-4.11,-0.4,-2.41,12401.2,1501.01,26,52,100751,98583.8,219.2,293.6,0.6,-5.75,1.5,-2.32,12398.6,1506.53,21,46,100925,98831,219.2,294.1,2.7,-5.33,1,-2.46,0,0
,455601,2012-04-05,12383.7,1507.83,23,69,101011,98902.8,219,291.9,3.3,-5.18,0.6,0.98,12393.2,1506,31,73,100961,98798.2,219.4,291.6,1.8,-3.99,1.5,1.45,12393.5,1501.5,23,60,100862,98702.6,219.2,293.4,-3.6,-4.22,2.7,-3.05,12391.2,1503.37,0,64,100932,98789.4,219.6,293,0.9,-4.37,-1.9,0.86,0,0
,455601,2012-04-06,12378.9,1511.28,3,77,101097,98956.8,219.2,291.1,1.1,-3.32,-2.3,4.03,12387.5,1507.65,44,84,100963,98762.4,219.1,291,-1.1,-1.35,-2,3.42,12390.3,1501.7,47,73,100892,98730.4,218.9,292.2,-1.8,-2.22,0.1,2.16,12385.7,1503.64,37,66,100942,98816.4,218.9,292.5,-3.8,-2.72,0.7,1.37,0,0
,455601,2012-04-07,12362.7,1506.35,34,66,101008,98889.2,218.9,292.1,-2.9,-2.43,0.5,2.49,12372.9,1503.25,22,67,100755,98654.8,219,293.3,-3.3,0.15,1,2.55,12380.9,1491.92,26,66,100674,98500.8,219,293.4,-2,1.97,2.2,2.53,12378.8,1494.39,27,71,100800,98680,218.9,292.6,-1.5,2.92,1.7,2.88,37,0
,455601,2012-04-08,12354.5,1494.64,47,69,100848,98735.8,218.3,292.4,2.1,2.23,2.3,1.55,12365.6,1492.5,47,64,100616,98469.6,218.4,293.9,4.6,2.17,3.7,1.36,12371.2,1472.12,36,61,100408,98775.4,218.7,294.2,3.8,3.97,2,1.55,12367.4,1479.69,28,68,100605,98467.8,219.1,293.3,5.8,5.42,1.4,1.63,0,0
,455601,2012-04-09,12341.8,1487.63,40,64,100726,98614.8,218.2,293.1,7.4,5.72,0.2,0.52,12351.4,1484.05,27,61,100549,98381.4,219.1,294,8.5,3.37,-2,0.26,12366.9,1474.3,33,60,100465,98607.8,219.1,294.6,5.1,3.29,-5.8,2.18,12361.3,1483.46,40,66,100654,98485.8,218.3,293.4,2.5,4.65,-5.3,2,6.6,0
,455601,2012-04-10,12342.7,1491.13,40,59,100767,98669,218.1,293.5,1.6,4.11,-2.1,1.17,12348.6,1492.81,34,63,100640,98506.6,218.6,293.3,3,2.89,-1.2,1.54,12357.3,1479.52,34,64,100513,98700.4,218.9,293.5,2.1,3.29,-1.6,1.92,12359.3,1489.94,37,60,100717,98595.6,218.1,293.3,2.2,4.11,-2.3,2.15,0,0
,455601,2012-04-11,12338.7,1496.04,44,64,100858,98740.6,217.6,292.3,2.2,3.43,-2.4,1.81,12347,1499.86,37,67,100771,98599.6,218.2,292.5,0.2,2.4,-0.7,2.83,12357.6,1489.18,37,66,100672,98478.6,218.2,292.7,-1.9,2.27,0.8,3.51,12359.8,1502.78,33,66,100880,98743.4,218.4,292.4,-2.2,3.97,0.9,3.72,0.6,0
,455601,2012-04-12,12340.7,1504.39,39,67,100964,98849.6,218.1,291.8,1.4,4.16,1.8,2.09,12351.3,1506.49,38,64,100861,98712.4,218.1,292.4,1.5,3.27,1.1,2.31,12360.6,1496.64,40,66,100733,98586.8,218.3,292.6,2.2,5.1,0.7,1.36,12364,1507.38,51,66,100952,98839.8,217.8,292.4,3.6,5.54,-1.8,-1.25,0,0
,455601,2012-04-13,12340.3,1503.73,58,61,100980,98860.6,217.5,292.1,4.2,5.42,-2.1,-1.87,12345.9,1504.5,53,60,100770,98661.6,217.8,293.3,4.8,3.36,-1.8,1,12359.4,1492.78,61,62,100646,98464.8,217.8,294.1,5.5,3.83,-3.7,1.78,12356.7,1498.81,69,64,100820,98711.4,217.8,293.1,6.2,5.11,-3.7,1.09,0,0
,455601,2012-04-14,12333.5,1495,82,62,100855,98747.8,217.4,292.5,13.2,5.1,-3.9,1.51,12340.5,1492.69,85,62,100610,98497.8,217.6,293.8,12.2,3.52,-4.9,2.65,12346.8,1485.59,75,62,100552,98384.4,217.9,294.1,12.6,5.12,-4,2.35,12346.3,1490.85,85,67,100748,98599,217.6,292.9,13.5,5.72,-3,1.94,0,0
,455601,2012-04-15,12330.5,1492.84,84,68,100830,98692.6,217.5,292.1,12.6,3.69,-1.6,1.34,12341.4,1490.17,82,65,100594,98441.8,217.8,293.5,13.3,3.27,-2.7,3.84,12349,1479.02,91,65,100503,98316.8,218.1,293.7,12.5,5.98,-2.7,4.12,12348,1483.97,90,73,100695,98579.4,217.4,292.1,12.1,6.92,-1.9,2.11,0,0
,455601,2012-04-16,12332.6,1484.48,78,72,100777,98662.6,217.3,291.4,13.1,5.46,-1.5,1.74,12343.5,1482.77,88,73,100551,98395.4,217.9,292.7,13.2,4.6,-1.6,2.2,12353,1475.02,90,71,100528,98349.4,218.1,292.7,12.4,5.41,0.2,3.95,12351.8,1476.66,88,73,100655,98506.4,217.8,292.1,7.6,6.86,0.4,3.44,0,0
,455601,2012-04-17,12337.9,1480.38,86,73,100736,98626.8,217.7,291.4,7.9,5.82,3.2,0.69,12343.4,1481.67,82,71,100514,98729.4,217.9,293.3,7.9,3.44,5.9,1.24,12355.2,1471.1,74,69,100413,98790.4,218.6,293.8,6.7,3.17,4.3,2.74,12352.4,1481.11,95,73,100646,98528.2,218.3,292.7,6.5,4.61,3.3,2.15,0,0
,455601,2012-04-18,12337.5,1487.08,95,74,100780,98652.6,217.7,291.9,5.8,3.73,5.1,1.97,12347.8,1484.02,89,76,100562,98475.6,217.6,292.8,7.2,0.91,7,2.99,12353.5,1483.46,70,79,100639,98531.4,218.2,292.2,7.5,2,7.3,3.14,12354.4,1489.5,73,72,100802,98697.6,217.9,291.7,4.6,1.5,6.8,4.08,0,0
,455601,2012-04-19,12344.7,1493.69,70,69,100886,98767,217.8,291.4,3.6,-1.74,8.1,3.42,12353.7,1490.67,44,60,100631,98524.6,218.6,293.4,4.7,-0.8,6,3.61,12360.7,1491.28,53,56,100645,98550.4,218.4,293.7,7.1,1.72,2.8,3.74,12356,1501.45,81,55,100881,98794.8,218,293,5.71,1.5,2.3,2.62,0,0
,455601,2012-04-20,12343.3,1500.05,92,59,100930,98809.8,217.5,291.9,5.01,0.53,4.2,2.82,12350.1,1503.16,62,68,100825,98681.8,218.3,292.4,4.7,0.94,2.7,3.35,12362.7,1496,53,70,100771,98664.4,218.8,292.2,4.4,0.97,0.2,4.45,12356,1500.35,67,68,100911,98825.6,218.4,291.6,3.2,1.53,0.3,2.77,0,0
,455601,2012-04-21,12343.4,1507.02,82,70,101046,98954.4,217.7,291,2.2,1.19,-2.3,2.72,12354.5,1503.57,69,72,100880,98782.8,218,291.7,-2.2,0.58,1.5,1.78,12367.6,1493.73,48,71,100789,98688.8,218.6,291.7,0.6,0.45,2.2,1.21,12354.8,1502.5,49,69,100927,98838.2,218.3,291.6,1.2,1.89,3.3,0.4,1.5,0
,455601,2012-04-22,12342,1509.31,58,72,101065,98946.4,217.7,291,3.8,2.69,1.1,0.25,12347.1,1507.3,63,72,100907,98766,217.6,291.5,3.8,0.69,0.6,0.45,12357.9,1493.56,64,71,100760,98618.6,217.9,291.9,5.1,0.25,-3,-2.33,12349.3,1499.25,64,58,100872,98768.4,217.6,292,3.9,-2.28,-3.6,-2.08,6.1,0
,455601,2012-04-23,12324.3,1507.07,51,54,101009,98873.6,217.8,291.5,4.1,-2.2,-2.9,1.01,12338.2,1501.59,40,57,100799,98712.4,218.4,292.8,4.7,-1.14,-3,1.01,12345.3,1491.01,32,55,100652,98556.8,218.8,293.4,2.8,1.52,-4.8,0.26,12342.8,1494.97,14,59,100781,98724.6,218.5,292.7,1.93,1.5,-5.4,-0.78,0,0
,455601,2012-04-24,12321.1,1503.42,7,59,100968,98854.6,218.3,291.7,0.3,2.02,-7.5,0.82,12331.6,1502.29,14,59,100856,98664.4,218.5,292,-3.7,1.13,-6.2,1.41,12339,1492,20,57,100721,98567.8,218.6,292.8,-4.6,1.35,-4.9,1.12,12338.6,1494.76,23,53,100827,98727.4,218.3,292.5,-4,0.58,-4.2,-1.27,0,0
,455601,2012-04-25,12316.1,1499.47,34,51,100920,98823.4,217.6,292,-5,-2.48,-4.8,1.4,12325.8,1496.94,33,52,100754,98635,217.8,292.8,-4.7,-0.67,-2.5,1.17,12335.7,1486.45,37,55,100646,98524.6,217.779,292.9,-3,0.51,-3.6,0.75,12333.6,1492.42,42,52,100776,98692.6,217.2,292.6,-2.5,-1.6,-2.8,-3.06,0,0
,455601,2012-04-26,12320.7,1495.91,44,50,100858,98799,216.8,292,-2.4,-3.23,-2.8,-3.32,12331.9,1493.37,41,51,100668,98580.2,217.3,293.6,-3.6,-1.83,1.6,-2.25,12351.8,1487.17,35,53,100598,98464.6,218,294.2,-1.8,-0.91,1.4,0.55,12355.4,1495.86,40,60,100799,98679.2,217.6,293.3,-0.6,-5.51,3,3.04,0,0
,455601,2012-04-27,12345.5,1504.96,36,69,100986,98873.6,217.7,291.5,2.5,-4.53,1.6,3.09,12364.9,1510.62,28,71,100977,98851,218.1,291.8,1.3,-2,0,2.54,12372.7,1508.26,25,70,100892,98762.6,218.1,292.4,0.7,-1.09,1.6,-2.11,12365.6,1515.11,25,63,101022,98952.8,218.2,292.8,1.4,-2.57,0.8,-2.82,0,0
,455601,2012-04-28,12354.4,1517.65,22,59,101087,98969,218.3,292.8,2.3,-3.64,0.8,-4.09,12356.6,1515.8,16,69,100935,98777.6,218.7,292.7,2.7,-2.31,-2.6,-2.97,12362,1505.03,18,70,100835,98674.8,218.7,293.3,4.5,-2.4,-2.3,0.05,12356.1,1505.06,22,66,100900,98792.2,218.7,293.2,5.3,2.04,-4,0.22,0,0
,455601,2012-04-29,12335.2,1504.83,23,68,100948,98835.4,217.7,292.6,4.7,2.15,-2.3,-3.17,12336.7,1499.44,40,74,100781,98686.6,218.2,292.5,5.6,0.32,1.5,-1.88,12340.8,1488.03,30,72,100694,98566.6,218.1,292.3,11.3,-1.79,0.7,-1.73,12331.8,1495.97,35,67,100828,98720.6,217.7,292.7,11.9,1.61,1.9,-0.37,0,0
,455601,2012-04-30,12322.5,1500.36,40,69,100919,98783.4,217.2,292.2,11.9,2.37,3.4,-1.29,12332.9,1499.04,48,80,100889,98639.2,217.4,291.2,12.5,0.43,6.9,-1.52,12337.6,1490.14,58,71,100816,98637.8,218.4,292,14.8,-1.82,4,-1.69,12338.8,1499.88,40,65,100926,98838.4,218.5,292.2,14.4,-2.85,3.9,0.25,0,0
,455601,2012-05-01,12329.8,1506.93,30,69,101031,98916,218.1,291.5,15.5,-3.07,3.7,1.98,12350,1501.58,62,81,100890,98799.4,218,291,13.7,-1.2,5.1,1.19,12353.8,1499.62,74,78,100906,98774.4,218.3,291.3,13.7,-0.88,3.4,1.94,12360.7,1502.89,48,69,100962,98846.4,218.7,291.7,12.2,-1.52,2.2,2.5,0,0
,455601,2012-05-02,12355.1,1509.33,36,66,101060,98939.8,218.1,291.8,7.5,-0.84,0,2.7,12365.8,1504.62,47,71,100821,98717.6,217.8,292.6,8.8,1.34,1.9,1.64,12375.1,1494.42,56,70,100696,98567.4,218.2,293.2,7.8,1.14,3,1.38,12372.4,1500.6,64,71,100871,98750.2,218.1,292.1,7.2,2.03,0.8,1.83,0,0
,455601,2012-05-03,12357.8,1502.04,65,70,100961,98838.2,217.9,291.7,8,2.08,0,1.43,12365.2,1491.48,72,71,100630,98523.4,217.7,293.2,6.4,2.17,1.2,0.6,12367.8,1475.06,54,67,100448,98681.6,218.3,293.6,8.3,3.36,0.9,1.01,12362.6,1478.96,52,69,100605,98495.6,218.3,293.1,7.7,4.5,-2.5,0.96,2.3,0
,455601,2012-05-04,12344.4,1481.48,50,64,100691,98574.4,218,292.8,8,3.06,-1.8,-1.65,12352.5,1471.22,40,61,100362,98793.4,218.5,294.2,9,0.89,-2,0.88,12361,1465.29,43,62,100303,98693.6,219.4,294.5,9.33,2.28,-3,1.85,12350.7,1472.13,38,60,100491,98714.6,219.2,293.9,8.6,2.87,-6.4,1.2,0.7,0
,455601,2012-05-05,12342.7,1481.4,16,62,100650,98545.4,219.2,293.4,7.6,2.28,-7.1,0.36,12351.5,1477.86,14,60,100422,98836.8,219.4,294.5,6.9,0.28,-4.8,1.14,12370.4,1474.76,24,64,100427,98819.8,219.7,294.5,7.4,1,-4.3,1.68,12361.7,1486.1,33,70,100654,98532,219.2,292.8,8.6,1.43,-5.5,1.61,6.1,0
,455601,2012-05-06,12349.7,1495.78,28,72,100842,98729.4,218.9,292.2,5.8,2.17,-4.8,-0.97,12359.1,1495.1,35,76,100684,98580.8,218.9,292.8,5.6,0.44,-2.1,0.49,12372,1489.34,26,77,100628,98532.6,219.1,293,6.4,0.45,-3.8,1.6,12362.2,1499.85,59,78,100893,98770.8,219,291.6,6.1,1.46,-2.8,0.21,2.4,0
,455601,2012-05-07,12349.5,1499.6,49,74,100919,98800.6,218.7,291.8,7.6,2.24,-1.3,-1.44,12363.6,1492.7,60,79,100755,98632,218.6,291.8,7.5,1.36,-1.7,0.53,12363,1492.63,88,84,100827,98720.6,218.6,291.4,6.9,1.31,-1.2,-3.12,12359.3,1496.04,84,85,100905,98787.6,218.5,290.9,8.6,1.66,1.13,-2.64,4.9,0
,455601,2012-05-08,12342,1495.87,53,77,100915,98794.2,218.2,291.4,12.35,1.05,0,-0.83,12360.7,1487.91,47,83,100755,98642.6,218.6,291.2,12.98,2.5,-2.3,0.51,12363.4,1488.25,90,82,100794,98687.6,218.7,291,8.2,3.07,-2.3,-1.34,12362.8,1491.8,56,70,100834,98718.8,218.7,291.8,14.04,2.68,-0.5,-1.48,0,0
,455601,2012-05-09,12353.4,1495.99,69,66,100910,98790.4,218.2,291.7,15.91,2.58,-2,-0.79,12374.1,1487.51,68,73,100677,98532.8,218.7,292.2,15.6,3.49,0.3,1.12,12378.3,1479.74,46,73,100555,98427.4,218.7,292.8,13.9,3.71,0.8,1.26,12372.8,1485.71,79,83,100764,98654.8,218.8,291.2,7.47,4.08,1.4,1.83,0,0
,455601,2012-05-10,12360.9,1483.42,92,79,100764,98648.6,218.3,291.2,6.94,2.48,2.4,0.44,12382.2,1473.99,67,77,100532,98364.8,219,291.8,4.08,2.58,-0.8,1.14,12378.1,1473.21,74,78,100550,98730.2,219.3,292,5.7,1.27,-1.2,2.44,12382.4,1480.73,86,77,100715,98605.6,219.1,291.4,4.13,0.48,-1.1,2.88,0,0
,455601,2012-05-11,12371.5,1481.63,67,73,100762,98642.6,219.3,291,5.6,-2.11,-1.6,2.44,12393.8,1479.5,58,78,100624,98483.8,220,291.3,7.4,-2.39,-2.9,4.73,12391.3,1481.72,74,73,100650,98487,220,291.6,1.3,-5.63,-4.3,6.6,12394.5,1491.86,93,69,100843,98725.6,219.1,291.5,-3.4,-2.94,-2.2,5.96,0,7.803495904
,455601,2012-05-12,12389.8,1493.47,91,70,100889,98764.4,218.9,291.4,-1.8,-4.07,-1.4,6.11,12409.1,1494.27,91,82,100828,98658.6,219.3,291.1,-2.2,-1.87,-2.5,5.95,12404.2,1498.93,88,80,100931,98770.8,219.6,290.9,-1.8,2.76,-4,5.01,12403.5,1502.81,94,74,101010,98884.8,218.8,291.2,0.5,0.94,-3.5,2.48,0,0
,455601,2012-05-13,12390.8,1505.72,86,76,101058,98928.6,218.5,290.9,2.1,-2.22,-5.9,2.51,12406.5,1495.8,64,81,100816,98625.6,218.6,291.2,0,-2.39,-13.08,4.21,12396.6,1496.54,71,75,100861,98671.8,218.8,291.3,-3.7,1.82,-13.73,5.23,12389.4,1500.69,86,67,100961,98841.4,219.1,291.6,-4.2,3.86,-13.22,5.07,0,0
,455601,2012-05-14,12372.3,1502.91,87,73,101045,98916.6,219,290.5,-4.4,2.64,-16.04,5.92,12385.9,1498.26,63,77,100811,98634,219.3,291.2,-7.6,3.84,-18.32,5.01,12383.2,1492.41,91,71,100778,98566.4,219.1,291.9,-12.3,3.72,-14.7,3.31,12382.4,1493.95,71,65,100872,98736.6,219.3,291.8,-11.3,3.99,-11.7,3.24,19,0
,455601,2012-05-15,12368,1496.29,74,71,100959,98827.2,219.4,290.9,-6.6,5.04,-11.5,2.78,12382.3,1495.17,76,73,100724,98552,219.7,292.1,-8.9,4.1,-13.8,2.99,12386.6,1480.13,95,69,100590,98427.4,219.4,292.6,-12,4.99,-11.7,2.41,12382.1,1482.12,91,72,100708,98599.4,219.4,291.9,-6,6.92,-7.9,0.86,2.9,0
,455601,2012-05-16,12366.2,1483.56,82,68,100768,98662.8,219.4,291.4,-5.3,6.98,-12.3,0.86,12380.1,1482.28,78,68,100549,98426.2,219.9,293,-7.5,5.49,-12.9,2.62,12387.9,1472.36,81,75,100482,98698.8,220,292.4,-8.3,7.08,-14.1,2.43,12374.2,1477.92,90,74,100667,98568.6,220.1,291.3,-8.21,10.64,-8.9,2.86,9.8,0
,455601,2012-05-17,12362.2,1473.22,96,67,100653,98564.8,219.4,291.3,-6.6,13.43,-8.6,3.22,12374.8,1473.41,71,73,100471,98691.4,220.2,292.3,-6.13,7.28,-10.5,3.94,12378.7,1468.23,68,78,100470,98689.8,220.2,291.8,-8.17,7.97,-11.8,5.25,12382.1,1476.2,78,73,100677,98566.8,220.2,291.2,-8,8.85,-15.7,5.94,40,7.791714719
,455601,2012-05-18,12380.8,1479.36,73,76,100768,98636.8,220.3,290.5,-12.61,12.34,-17.7,2.15,12388.3,1474.36,57,75,100464,98737.2,220.5,292.4,-16.15,5.84,-19.4,3.34,12396.3,1469.62,84,78,100488,98750.4,221.4,291.4,-14.1,8.61,-24.2,5.16,12388.7,1474.75,97,69,100657,98530.2,220.9,291.4,-16.1,8.54,-12.8,3.67,6.2,7.800399733
,455601,2012-05-19,12377.4,1478.47,97,76,100744,98632.8,220.3,290.8,-14,8.32,-7.4,3.73,12391.4,1480.12,95,81,100608,98509.6,220.7,291.3,-14.1,5.75,-14.4,3.29,12396.8,1472.38,97,76,100570,98824.6,221.1,291.5,-13.4,7.58,-15.6,3.79,12397.3,1473.64,98,69,100646,98572.2,220.5,291.7,-13.9,7.97,-14.8,3.49,4.6,7.805063602
,455601,2012-05-20,12385.8,1480.31,100,78,100757,98636.4,219.4,290.7,-15,8.67,-14.6,1.16,12393.7,1474.98,90,76,100489,98704,219.2,292.3,-15.8,6.66,-12.7,2.22,12400.5,1464.66,93,75,100397,98763.2,219.5,292.6,-17.6,7.43,-17,2.72,12392.4,1477.76,92,74,100648,98539,219.6,291.7,-17,8.14,-14.4,0.03,0,7.812131303
,455601,2012-05-21,12379.3,1477.93,97,72,100705,98588,219.3,291.1,-18.5,11.5,-16.6,1.25,12395,1475.54,78,72,100518,98707.8,219.6,292.4,-18.3,7.03,-11.4,1.49,12393.5,1468.8,84,77,100410,98852.6,219.5,292.7,-17.8,8.45,-8.2,0.71,12378.6,1477.5,79,73,100617,98565.8,219.5,291.8,-13.6,11.45,-7.5,-2.59,0,0
,455601,2012-05-22,12363.9,1476.01,57,73,100661,98587.6,219.4,291.6,-12.7,9.46,-4.6,-1.85,12369.6,1472.79,68,83,100552,98806.2,219.4,291.3,-6.3,9,-2.1,-1.89,12374.9,1462,85,82,100411,98822.6,220.1,291.5,-15.2,11.24,-3.1,-1.34,12368.9,1471,90,70,100584,98843.2,219.5,291.8,-12.2,12.71,-3,-4.57,0,0
,455601,2012-05-23,12353.4,1468.82,90,72,100609,98839.8,219.2,291.4,-7.4,12.56,-1.3,-3.47,12366.1,1467.31,75,82,100438,98798.6,219.4,291.8,-6.3,8.05,3.7,-1.64,12377.9,1458.48,40,81,100322,98765.4,220.2,292,-7.2,8.94,2.7,-3.43,12374.4,1467.25,83,74,100531,98792.6,219.5,291.9,-14.6,7.56,4.2,-4.73,1,0
,455601,2012-05-24,12364.7,1470.45,81,78,100631,98564,219.3,291.2,-13.2,6.7,2,-2.7,12388.2,1471.43,77,84,100511,98417.2,219.4,291.5,-12.9,6.04,-1.4,-4.19,12388.2,1469.67,85,86,100560,98441.8,219.6,291.4,-12.6,5.26,-3.4,-3.63,12386.6,1481.25,94,82,100757,98639.6,219.4,291.5,-12.4,5.42,-3.3,-3.54,0.9,7.872068229
,455601,2012-05-25,12380.3,1485.87,93,83,100823,98679.6,218.6,291.1,-13.7,4.1,-3.6,-2.8,12403.2,1479.18,85,86,100641,98533.2,219.1,291.3,-13.5,4.26,-3.1,0.56,12399.9,1484.95,94,85,100751,98634.2,219.7,291.2,-11.4,4.23,-1.9,-4,12394.1,1489.53,91,85,100864,98712.8,218.9,291.2,-13,3.34,2.7,-3.51,5.3,7.871113407
,455601,2012-05-26,12383.9,1489.93,85,87,100883,98758.2,219,290.8,-12.6,3.05,2.4,1.09,12404.1,1481.04,88,84,100702,98608.8,219.4,291.3,-12.4,5.85,-2.2,0.56,12402.1,1478.8,93,85,100662,98597.8,219.5,291.6,-12.3,4.72,-1.2,-2.59,12400.2,1487.91,94,88,100847,98690.2,218.9,290.8,-12,2.23,-1.4,-2.27,0.1,7.86850583
,455601,2012-05-27,12394.2,1492.81,84,88,100919,98772.4,219,290.5,-7.3,2.47,0.2,0.5,12411.6,1482.94,80,86,100713,98579.2,219.4,291.3,-6.9,3.77,-0.8,3.05,12402.6,1484.87,90,83,100732,98623,219.2,291.4,-6.2,5.2,0.2,-3.32,12399.7,1490.28,70,81,100843,98733.6,218.9,291.2,-6.7,4.62,1.3,-4.78,0,7.844996963
,455601,2012-05-28,12382.9,1491.58,76,79,100889,98776.6,218.7,291.3,-6.9,2.87,1.5,-3.3,12409.5,1483.46,78,83,100605,98511.4,219.1,291.9,-7,3.51,1.4,2.76,12402.3,1488.02,83,82,100724,98654,219.1,291.8,-13.3,5.87,1.6,1.01,12397.1,1493.44,80,79,100857,98751.8,218.8,291.5,-12,3.75,3.1,-4.19,4.2,0
,455601,2012-05-29,12392.2,1495.64,88,73,100913,98784.8,218.6,291.7,-8.2,3.07,1.54,1.28,12411.5,1485.89,78,80,100639,98545.4,219,292.3,-8.66,4.05,1.7,2.93,12408.6,1486.86,87,79,100630,98529.6,219,292.6,-13,4.01,1.9,0.96,12398.6,1492.59,82,80,100804,98707.8,218.6,291.9,-11.9,4.67,3.8,1.7,0,0
,455601,2012-05-30,12385.3,1489.58,85,78,100827,98730.8,218.5,291.3,-7.15,4.46,3.7,3.05,12388.5,1483.29,81,77,100595,98452.6,218.8,292.5,-12.2,5.02,2,3.4,12389.8,1474.51,82,77,100473,98661.6,219.3,293.1,-13.7,5.47,0.18,1.69,12381.3,1479.66,95,81,100639,98561.4,218.9,292,-5.33,6.72,-1.34,1.57,1.1,0
,455601,2012-05-31,12364.7,1476.98,92,73,100694,98604.6,218.8,291.2,-6.2,7.51,-1,0.84,12368.2,1476.4,78,73,100515,98382.4,219.3,292.3,-11.5,6.16,1.7,0.63,12376.3,1465.17,67,69,100359,98728.8,219.5,293.2,-11,6.63,2,0.98,12367.7,1470.03,48,67,100528,98779,218.8,292.3,-8.5,8.09,5,-2.36,0,0
,455601,2012-06-01,12357,1471.02,43,57,100624,98550.6,218.5,291.6,-7,7.71,4.9,-2.24,12365.5,1474.63,71,68,100470,98707.8,218.7,292.5,-8.3,5.49,5.1,0.44,12383.1,1470,63,69,100395,98770.8,219.1,293.4,-7.5,6.16,1.3,2.39,12381.9,1476.57,53,72,100619,98515.6,218.6,292.1,-7.1,6.46,2.4,0.57,36.6,0
,455601,2012-06-02,12370.8,1477.49,42,66,100706,98626.6,218.6,291.8,-7.9,5.52,4.2,1.03,12383.2,1482.25,59,70,100539,98451.4,218.7,292.8,-8.9,4.49,4.2,1.52,12395.3,1476.12,41,68,100455,98831,219.5,293.7,-8,5.59,1.9,1.5,12390.5,1484.11,45,76,100692,98590.8,219.2,292.4,-10.8,5.03,2.2,0.09,0,0
,455601,2012-06-03,12382.4,1482.42,40,77,100730,98630.4,219,291.7,-10.8,3.91,1.6,1.3,12389.1,1479.42,43,76,100496,98731.6,218.9,293.2,-11.1,3.4,0.9,1.74,12395,1473.81,40,76,100456,98683.6,219.3,293.2,-10.6,5.27,-3.2,2.05,12386.6,1481.43,39,76,100659,98551.4,219.3,292.7,-11.8,2.92,-1.4,1.23,6.6,0
,455601,2012-06-04,12378.5,1478.42,45,74,100682,98575.2,219.2,292.1,-11.8,3.3,-1,0.82,12383.5,1472.1,68,71,100379,98794.6,218.9,293.9,-12.8,2.28,2.2,1.01,12392.8,1460.63,27,74,100294,98636.8,220.2,293.8,-13.4,3.8,0.3,2.88,12383.8,1471.95,41,76,100533,98758.2,219.6,293,-12.2,3.96,2.8,1.5,3,0
,455601,2012-06-05,12382,1472.73,61,79,100611,98824.2,219.5,292,-7.3,2.58,4,0,12397.1,1471.13,65,76,100365,98771.8,219.5,293.9,-11.8,1.07,5.8,1.27,12407.6,1468.64,54,74,100375,98784.6,220.5,293.5,-4.9,2.72,4.4,3.29,12404.1,1475.4,60,74,100598,98827.8,220.3,292.7,-9.3,3.69,5.2,2.88,0,0
,455601,2012-06-06,12397.6,1473.64,78,76,100616,98497.8,219.7,291.9,-8.7,3.3,5.5,0.75,12411.4,1471.29,60,78,100424,98819.6,219.8,293.2,-5.6,2.5,6.7,1.74,12417.4,1470.76,43,76,100457,98801.2,220.6,293.4,-6.7,2.72,4,3.13,12417,1478.3,58,75,100622,98514.8,220.3,292.5,-9,2.41,4,2.32,7.6,0
,455601,2012-06-07,12409.6,1474.76,69,73,100630,98534.8,219.9,292.5,-8.6,2.64,4.11,2.01,12428.3,1473.14,88,82,100484,98690.4,219.9,292.6,-6.2,3.44,3.7,1.91,12425.5,1471.67,65,78,100514,98693.4,220.2,292.6,-7.4,3.81,1,3,12423.2,1474.49,62,74,100619,98508.8,220.3,292.3,-7.1,1.88,1.2,2.92,2.5,7.838575235
,455601,2012-06-08,12417.8,1474.62,82,77,100673,98559.4,219.6,291.5,-5,2.57,1.6,3.17,12432.7,1474.35,75,83,100475,98720.8,220.1,292.3,-5.2,2.45,1.4,2.93,12431.6,1472.42,58,83,100531,98752.6,220.6,292,-6.3,3.79,0,3.83,12434.6,1473.44,53,79,100617,98505.8,220.3,291.9,-4.5,3.41,1.7,3.02,0,7.835292846
,455601,2012-06-09,12418.6,1473.81,64,83,100674,98538.2,220,291.3,-5.2,4.42,1.1,2.64,12437.5,1468.41,81,85,100508,98714.6,220.2,291.7,-3.5,2.98,1.7,3.13,12437.9,1467.87,88,82,100512,98722.4,220.4,291.8,-4.2,4.42,-2.4,3.8,12438,1475.45,85,80,100660,98527.8,220.1,291.7,-5.8,4.48,-1.2,2.82,11.5,7.822348822
,455601,2012-06-10,12426.8,1472.04,91,83,100652,98535.8,219.5,291.3,-6.5,3.08,2,1.86,12443.8,1464.54,86,84,100459,98643.2,219.9,291.8,-6.1,2.43,3.1,2.82,12452.4,1466.98,68,82,100487,98667.6,220.8,292.2,-6.2,3.72,-0.7,3.09,12444.9,1475.29,52,84,100647,98534.6,220.7,291.7,-7.4,2.3,-0.6,1.86,1,7.86181682
,455601,2012-06-11,12438.1,1474.78,55,85,100659,98520.6,220.4,291.3,-5.3,1.23,1.6,0.94,12453.1,1461.96,68,87,100379,98766.4,220.9,292,-2.6,-0.82,2.7,3.03,12446.3,1468.46,86,84,100514,98712.6,221.4,292.1,-3.7,1.49,-1.9,2.75,12444.5,1467.1,47,82,100549,98721.6,221.9,292,-4.2,-0.54,-0.8,3.29,3.7,7.862980683
,455601,2012-06-12,12442.3,1465.51,61,81,100555,98725.2,221.2,291.9,-4.6,-1.2,-0.9,3.31,12463.8,1461.28,58,83,100362,98732,221.4,292.4,-3,-1.59,1.8,3.34,12460.1,1462.9,71,81,100427,98611,222.3,292.8,-3.8,-3.96,-1.4,2.71,12455.4,1462.82,86,83,100488,98662.8,221.8,292.2,-3,-3.94,1.2,3.35,0,7.86534353
,455601,2012-06-13,12456.5,1466.78,87,87,100573,98719.8,221.5,291.8,3.9,-4.07,2.4,6.51,12478.3,1457.98,89,91,100383,98782.8,222.5,292.1,3.4,0.86,4.1,3.01,12474.6,1449.87,89,91,100356,98808.4,223.2,292.2,6.4,1.48,2.18,2.47,12465,1467.44,91,88,100565,98404.6,222.5,291.6,3.1,13.16,-2.06,15.6,8.7,7.698311374
,455601,2012-06-14,12457.5,1461.45,82,84,100518,98654.6,222.2,291.3,2.6,2.72,-3.9,16.06,12478.9,1453.79,52,95,100353,98793.4,223.1,291.9,0.1,2.41,-4.1,12.98,12473.6,1455.68,73,89,100402,98834.8,223.3,292.2,-3.7,14.57,-5.6,10.89,12469.8,1460.15,44,86,100502,98621.4,223.1,291.7,-2.1,2.54,-4.9,11.61,0,7.600675403
,455601,2012-06-15,12463.5,1452.6,48,91,100420,98892.2,224.2,291.1,2.8,5.39,-3.9,12.6,12471.1,1454.04,50,91,100409,98820.8,224,291.8,-3.5,15.63,-7.3,13.36,12477.9,1450.84,47,84,100404,98784.6,223.9,291.8,-5.2,15.01,-12.6,12.44,12472.2,1462.3,34,82,100542,98307.8,223.4,291.8,-6.9,14.13,-5.9,7.8,19,7.644044544
,455601,2012-06-16,12468.8,1469.07,51,81,100623,98439.4,222.9,291.5,-6,14.47,-12.3,6.59,12476.3,1474.38,68,86,100619,98364.2,222.7,291.6,-6,16.34,-5.5,7.98,12483.3,1466.73,62,79,100603,98360.8,223.8,291.9,-13,14.96,-7.2,4.83,12469.7,1479.99,59,79,100759,98561.4,223.5,291.5,-13,13.46,-7.9,4.63,3.3,7.769642605
,455601,2012-06-17,12462.3,1481.35,69,83,100789,98604.4,222.4,291,-7.5,12.96,-6.8,5.66,12469,1480.83,65,85,100709,98562.8,222.6,291.2,-6.7,12.13,-20.1,4.3,12475.1,1472.14,83,83,100622,98436.4,223.3,291.7,-13.3,13.95,-21.7,2.19,12464.8,1481.7,79,86,100742,98584.8,222.6,291.6,-8.3,12.6,-16.6,1.33,1.2,7.75362385
,455601,2012-06-18,12450.3,1468.03,80,86,100625,98465.2,221.7,291.5,-6.2,7.02,-6.5,1.93,12459.5,1467,65,88,100490,98702.6,222,292,-4.3,13.74,-4.6,1.12,12460.6,1457.39,95,86,100396,98797.4,222.4,291.9,-4.8,14.77,-3.7,-1.04,12445.2,1466.28,90,85,100547,98404,221.7,291.6,-2.7,13.95,-5.9,-1.32,0,7.757980585
,455601,2012-06-19,12440.8,1460.3,86,82,100488,98697.8,221.4,292.3,-5.2,11.58,-2.5,-1.05,12448.1,1461.27,54,85,100398,98792.4,222,292.3,-5.4,11.8,1.1,-1.2,12457.6,1455.09,61,88,100343,98732.4,222.6,292.3,-6,11.29,-1.2,-1.75,12455.2,1454.51,75,83,100412,98748.8,221.9,292.5,-6.3,6.78,-4.6,4.92,0,7.76006178
,455601,2012-06-20,12451.8,1443.82,87,90,100361,98695.6,222.1,291.8,1.3,15.66,-4,12.68,12456.1,1452.34,93,87,100408,98771.8,221.9,291.9,-3,13.87,-5.2,-6.09,12460.3,1457.59,70,86,100410,98778.8,222.3,292.4,-5.8,12.29,-6.3,-3.3,12449.7,1463.45,71,91,100530,98740.2,222.3,292,-11.7,14.8,-3.7,0.32,0,7.682056912
,455601,2012-06-21,12448.1,1465.55,62,92,100576,98465.6,221.9,291.7,-6.4,13.88,-2.5,-2.16,12452.7,1469.37,52,88,100599,98405.8,222.1,292.1,-5.9,14.9,-3.4,-2.06,12460.1,1468.49,58,92,100558,98748.6,222.1,292.1,-4.3,13.78,-4.7,-3.95,12450.6,1477.54,70,88,100674,98543.8,221.6,291.8,-13.4,13.08,-1.9,-4.08,0.3,7.805853102
,455601,2012-06-22,12440.9,1475.95,65,88,100705,98545.4,221.4,291.6,-6,7.79,-2.3,-2.69,12456.5,1471.59,51,87,100614,98484.6,221.5,291.8,-3.8,14.93,-3.9,4.17,12456.9,1465.17,53,92,100565,98795.6,221.9,291.5,-7.6,17.51,-2.3,-6.56,12448.3,1473.35,81,82,100625,98484.2,220.9,292.3,-9.3,14.24,-2,-3.13,0,7.811893827
,455601,2012-06-23,12436.6,1473.9,90,88,100662,98524.6,220.2,291.8,-8.1,11.99,-2.7,-2.35,12442.3,1474.53,84,90,100624,98505.4,220.7,291.7,-8.9,13.31,-4,0.79,12448,1476.17,81,86,100631,98519.6,221,291.7,-11.3,13.99,-2.7,-2.59,12443.8,1482.99,80,80,100741,98622.6,220.6,292,-11,12.87,-1.5,-1.87,12.7,7.811261401
,455601,2012-06-24,12436.3,1477.6,71,80,100725,98566,220.5,291.6,-12.4,8.37,1,0.59,12445.5,1476.47,65,81,100588,98482.4,220.6,291.7,-13.8,11.49,0.6,2.9,12448.8,1473.51,81,78,100577,98472,221,291.8,-14.6,13.34,-3.5,0.88,12443.2,1477.34,91,78,100681,98555.4,220.7,291.7,-15,12.14,-1.6,-1.23,0,7.810941511
,455601,2012-06-25,12435.6,1472.18,88,76,100656,98536.6,220.3,292,-12.5,11.2,-1.1,-0.94,12441.6,1476.12,76,87,100616,98510.8,220.9,291.6,-12.9,10.45,-2.5,0.71,12447.4,1466.06,92,86,100512,98747.8,221.2,291.7,-6,12.47,-4.5,-1.64,12438.3,1471.52,91,80,100630,98528.6,220.7,291.8,-5.7,11.99,-3.8,-1.22,34.3,7.819746595
,455601,2012-06-26,12427.1,1466.87,79,77,100594,98476.4,220.7,291.5,-6.3,10.97,-1,-1.11,12439.1,1461.38,40,85,100410,98792.6,221.4,291.6,-5.3,10.2,-1,0.96,12443.5,1454.67,39,80,100327,98746.2,221.4,291.9,-5.7,13.22,-1.2,0.75,12427.5,1459.15,42,75,100472,98736.4,221.4,291.5,-4.2,13.65,-0.8,-2.59,6.5,7.7905709
,455601,2012-06-27,12427,1449.93,43,74,100415,98814.4,221.5,291.6,-5.8,12.77,-1.8,-2.43,12430.6,1447.31,38,85,100210,98609.4,221.8,291.7,-5.2,8.3,1.9,0.06,12443,1441.92,29,82,100156,98580,222.1,292.1,-5.7,9.52,2.2,1.2,12436.2,1449.92,29,81,100369,98766,221.9,291.3,-5.9,8.59,2.3,-2.13,0,7.811545203
,455601,2012-06-28,12427.4,1452.63,37,72,100427,98842.8,221.4,292,-7.2,8.54,0.9,-2.1,12437,1452.76,29,77,100266,98674.4,221.7,292.6,-3.3,6.88,0.2,0.09,12448.2,1456.15,56,82,100354,98756,221.4,292,-4.1,7.96,-2.8,2.09,12444.9,1468.24,86,77,100568,98795.6,221.2,291.7,-4.3,7.36,-4.6,-1.95,0,7.838231966
,455601,2012-06-29,12444.2,1472.19,85,74,100659,98510.8,221.1,292,-6,5.11,-4.3,0.11,12460.8,1472.08,74,81,100486,98712.6,221.2,292,-7.5,3.71,-6.9,2.55,12460.8,1480.16,83,84,100663,98897,221.4,291.6,-13.3,5.54,-7.4,2.35,12455.4,1487.87,75,81,100799,98670.8,221.8,291.8,-13.2,3.38,-7.7,0.12,0,7.808265924
,455601,2012-06-30,12449.1,1492.29,74,84,100890,98725.6,221.7,291.1,-14.3,2.17,-9.1,2.78,12459.8,1489.69,93,83,100734,98566.4,221.3,291.6,-17.2,4.23,-11.1,4.4,12461.4,1485.7,86,83,100707,98613.4,221.9,291.8,-18,4.89,-11.1,4.57,12448.6,1495.5,91,83,100897,98735.8,220.9,291.3,-16.4,7.3,-7.8,3.23,0.2,7.748446199
,455601,2012-07-01,12434.8,1493.24,92,79,100873,98751.6,220.7,291.7,-18.6,7.33,-7.8,2.56,12446.3,1485.35,89,85,100684,98604.8,220.9,291.9,-17.6,6.14,-4.2,3.16,12444.4,1484.95,88,84,100700,98592.4,220.7,291.8,-17.4,7.41,-3.7,1.55,12426.3,1491.91,56,86,100843,98723.8,220.2,291.3,-16.5,7.26,1.8,1.38,0,7.817420558
,455601,2012-07-02,12416,1489.24,59,84,100848,98713.2,219.8,291.1,-16.5,6.52,2,0.1,12420.6,1483.4,78,82,100682,98581.8,219.5,291.7,-15.3,6.7,-2.2,1.13,12421.4,1472.71,82,75,100561,98776.8,219.2,292,-14.3,7.42,-1.9,0.87,12414.6,1484.82,88,76,100749,98663,218.8,291.5,-12.7,5.87,-1,0.74,7.6,7.823799103
,455601,2012-07-03,12408.2,1483.08,66,70,100783,98674.6,219.2,291.7,-12.7,6.41,-1.9,0.61,12405.2,1487.15,34,77,100641,98541,219.7,292.1,-15.9,5.32,0,1.16,12422.4,1473.46,51,73,100475,98670,220.1,293,-16.3,6.43,0,1.32,12412.9,1481.56,42,69,100646,98573.8,220.3,292.4,-15.4,5.96,0.4,0.4,1.3,0
,455601,2012-07-04,12408.5,1483.77,25,72,100767,98661.6,220.6,291.4,-16.3,5.58,-1.1,2.19,12413.6,1487.69,88,80,100685,98556.8,220.1,291.9,-16.9,6.1,-1.4,1.56,12423,1477.5,57,78,100544,98744,221,292.6,-22.9,6.24,0.3,0.27,12408.8,1491.74,87,77,100805,98701.6,220.2,291.8,-23.1,7.83,-1,-2.49,21,0
,455601,2012-07-05,12403.1,1494.05,62,72,100902,98778.4,220.6,291.6,-23.3,6.96,-1.1,-3.66,12419.1,1494.53,70,80,100720,98606,220.5,292.2,-25.1,5.08,-1.5,-2.14,12425.5,1483.2,43,79,100596,98504.6,220.8,292.8,-23.8,5.88,-3.2,0.52,12410.6,1498.03,93,80,100875,98758.6,219.9,291.7,-24.5,5.44,-2.9,-2.79,0,0
,455601,2012-07-06,12404.8,1494.34,69,80,100906,98783.8,219.8,291.1,-25.2,4.48,-3.5,0.36,12415.9,1491.7,62,83,100751,98643.6,220.1,291.3,-22.5,4.43,-5.3,0.61,12419.4,1484.8,75,79,100681,98593.8,220.5,291.8,-24.4,5.67,-7.4,0.96,12409.2,1494.92,50,77,100843,98771.6,220.8,291.8,-25.8,5.88,-5.2,-2.56,0,0
,455601,2012-07-07,12398.5,1492.02,50,75,100876,98763,220.1,291.4,-22.7,4.86,1.5,0.34,12414.3,1496.15,85,81,100727,98614.6,219.6,292,-20.4,4.08,0,1.4,12422.5,1486.33,70,81,100670,98596.6,220.2,292.1,-22,5.81,-3.1,2.27,12405.7,1499.57,70,81,100937,98824.8,220.1,291.2,-24.3,8.11,-2.5,0.57,104.6,0
,455601,2012-07-08,12393,1498.87,45,80,100952,98827.2,220.4,291.1,-26,7.06,-3.25,-2.71,12406.6,1490.54,54,84,100704,98592.6,220.4,291.7,-24.6,5.2,-1.53,0.4,12416.7,1481.92,67,80,100693,98596,220.2,291.4,-20.7,7.54,-7.39,0.05,12398.5,1487.22,89,73,100810,98694,219.3,291.5,-20.1,7.75,-6.29,-0.99,0,0
,455601,2012-07-09,12389,1478.81,91,73,100773,98630.8,219,291,-15.8,6.56,-6.06,1.67,12398,1476.75,80,81,100579,98456.8,219.1,291.3,-17.3,6.12,-2.33,3.09,12401.1,1477.92,65,82,100643,98536.4,219.6,291.1,-17.6,8.54,-4.11,2.25,12394.1,1485.65,50,77,100818,98717,219.7,291.1,-19.3,9.18,-3.18,0.6,13.6,0
,455601,2012-07-10,12383.3,1487.13,68,77,100862,98716,219.3,290.9,-19.6,9.15,-3.6,0.08,12392.3,1483.03,65,88,100689,98606.8,219.6,291,-19.6,7.69,-4.5,1.77,12399.7,1475.55,63,83,100610,98505.8,219.5,291.3,-23.2,9.27,-7.5,0.71,12392.5,1483.67,87,78,100766,98671.4,218.7,291.2,-21.4,10.93,-7.8,-1.91,21.4,0
,455601,2012-07-11,12375.7,1483.45,90,77,100811,98690.4,218.6,291.2,-18.4,8.85,-8,-1.7,12386.1,1478.26,91,87,100580,98483.6,218.1,291.3,-14.1,7.85,-5.24,0.98,12384.5,1469.99,79,82,100552,98794.2,219.2,291.4,-17.2,8.4,-5.96,0.26,12379.1,1472.04,72,76,100644,98532.6,218.7,291.6,-13.4,9.01,-4.86,-0.88,4.5,0
,455601,2012-07-12,12377.5,1471.1,55,79,100671,98529.8,219.4,291,-6.4,11.74,2.9,-4.41,12394.9,1464.21,33,82,100380,98776.4,220.1,291.8,-7.4,6.95,2.07,2,12406.7,1458.41,40,77,100339,98702,220.5,292.5,-6.9,13.64,-3.22,1.8,12396.5,1459.86,63,75,100481,98711.2,219.9,292.2,-6.5,7.58,-3.51,1.84,9.5,0
,455601,2012-07-13,12387.5,1458.64,86,74,100516,98673.6,219.2,291.8,-7.5,7.12,-1.7,3.19,12414.2,1450.4,66,85,100258,98640.4,219.6,291.6,-3.8,5.35,-3.7,6.21,12414.7,1447.02,66,84,100287,98658.6,220.5,291.5,-4,5.87,-4.4,6.36,12407.1,1467.72,67,80,100588,98423.4,220.5,291.5,-5.4,13.34,-5.2,3.72,6.7,7.797989764
,455601,2012-07-14,12399.5,1461.33,36,78,100565,98368.4,220.2,291.9,-21.8,5.75,-3.5,5.02,12414.9,1460.38,48,85,100423,98648,220,291.8,-21,7.77,-3.4,5.66,12412.4,1461.26,89,78,100522,98269.8,220.2,291.8,-15.6,14.25,-5.6,4.8,12404.5,1474.37,83,79,100700,98527.8,220.1,291.4,-17.9,13.14,-5,3.7,0.9,7.815014452
,455601,2012-07-15,12395.2,1473.96,69,78,100717,98555,220.2,291.6,-13.1,12.25,-3.5,1.19,12415.9,1472.37,44,83,100557,98399.8,220.6,291.6,-12.1,5.57,0.5,2.42,12424.6,1471.56,57,79,100587,98383.8,220.4,291.7,-11.3,6.28,-4.1,2.2,12419.8,1477.41,78,76,100701,98561.4,220.4,291.8,-11,7.58,-6.5,0.27,1.3,7.823622379
,455601,2012-07-16,12408.4,1482.27,77,76,100783,98661.6,219.9,291.5,-9.2,5.79,-5.1,0.37,12427.7,1477.32,61,84,100552,98461.8,220,291.7,-11.7,5.56,-4.4,0.3,12430.8,1474.12,64,82,100535,98384.2,220.9,292.3,-12.3,4.33,-5.7,2.26,12417,1486.46,92,81,100757,98641.4,220.6,291.8,-11,3.78,-6.7,1.17,1.8,7.836150787
,455601,2012-07-17,12414,1482.23,86,83,100768,98682.8,220.4,291.3,-9.1,3.81,-5.2,0.3,12426.9,1470.05,83,85,100474,98675.6,220.3,292.1,-11.8,4.15,-4.2,0.33,12429.3,1467.26,89,84,100440,98846.6,221,292.6,-11,3.66,-3.9,0.43,12422,1477.49,91,87,100663,98566.8,220.6,291.7,-8.1,4.21,-3.6,-1.13,45.6,7.921219666
,455601,2012-07-18,12416,1468.54,87,82,100591,98771.6,220.5,291.8,-7,3.82,-5.7,-2.07,12433,1456.09,82,86,100290,98694.4,220.4,292.3,-6.7,4.11,-3.7,-0.95,12427.7,1459.47,87,85,100381,98783,221.1,292.2,-8.2,3.76,-3.3,-0.53,12419,1465.38,69,84,100512,98712.4,221,292.1,-12.7,3.45,-4.4,-1.49,0.7,8.084870816
,455601,2012-07-19,12414.1,1456.74,64,82,100448,98656.6,220.5,291.8,-14.6,2.51,-6.5,-0.69,12430.7,1443.89,87,84,100187,98589.2,220.4,292.4,-13.2,2.71,-6.4,1.24,12432.3,1450.75,92,84,100298,98724.8,221.2,292.2,-9.1,3.91,-6.9,2.15,12426.9,1460.51,87,86,100466,98663.4,220.8,291.9,-11.5,2.74,-5.2,0.6,1.5,7.96651286
,455601,2012-07-20,12420,1457.28,80,85,100463,98683,220.5,291.6,-12.5,2.34,-3,0.71,12439.5,1451.51,87,83,100293,98722.4,220.9,292.2,-14,3.2,-1.8,1.91,12437.2,1454.91,76,85,100374,98812.8,221.5,292,-11.7,4.02,-3.5,2.23,12436.6,1458.38,44,84,100458,98630.4,221.6,291.7,-10.9,2.17,-2.8,1.85,0,7.973752529
,455601,2012-07-21,12428.8,1457.92,45,85,100477,98658.2,221.1,291.4,-8.4,1.62,-3.7,2.67,12446.7,1448.26,70,85,100261,98664.2,221.3,292.1,-9.7,2.58,-3.7,3.26,12435.4,1449.5,81,83,100317,98703.4,221.5,292.1,-7.7,2.45,-6.1,4.87,12435.8,1456.95,75,84,100474,98623.8,221.4,291.8,-8.8,1.99,-5.6,3.4,0,7.84073202
,455601,2012-07-22,12430.9,1453.55,69,85,100447,98619.6,220.9,291.5,-12.1,2.62,-4.2,3.89,12445.8,1449.32,68,85,100331,98732.6,221.3,291.9,-12.6,4.31,-4,4.65,12445,1450.63,83,83,100371,98777.6,221.6,292,-7.1,4.52,-5.4,4.5,12438.4,1456.98,82,83,100473,98659.8,221.4,291.9,-7.6,5.99,-3.4,2.26,0,7.815867979
,455601,2012-07-23,12430.5,1457.23,83,83,100477,98647.6,221.1,291.8,-5.9,4.73,-4.1,1.04,12441.1,1453.14,79,84,100387,98753.6,221.2,291.7,-6.2,5.6,-5.4,4.04,12442.8,1455.04,91,83,100436,98809.4,221.3,291.6,-4.2,12.38,-4.9,4.33,12439.7,1467.48,74,83,100618,98456.4,221.5,291.2,-2,11.27,-4.7,2.89,0,7.759789901
,455601,2012-07-24,12427.1,1466.27,78,82,100610,98468.8,221.3,291.1,-16.9,9.09,-6.6,2.53,12442.7,1473.26,92,82,100607,98480.2,220.9,291.4,-16.9,10.7,-5.8,2.1,12449.2,1468.55,91,82,100559,98758.4,221.1,291.8,-14.9,7.06,-6.8,2.08,12444.3,1480.58,82,81,100732,98593,221.1,291.4,-13.3,6.81,-7.6,3.64,6.1,7.795562647
,455601,2012-07-25,12437.7,1480.09,94,80,100750,98630.8,220.3,291.4,-12.4,7.72,-7,3.49,12450.5,1485.87,82,86,100707,98580.6,219.9,291.4,-7.6,6.95,-4.2,2.32,12461.4,1480.06,91,83,100685,98542.6,221.2,291.6,-13.9,8.44,-12.9,2.77,12455.2,1495.58,94,83,100899,98757.8,220.1,291.4,-7.6,12.37,-5.4,3.67,2,7.767851498
,455601,2012-07-26,12439.6,1494.58,85,83,100905,98748.6,219.9,291.4,-7.9,13.15,-5.6,3.12,12461.4,1493.35,64,84,100798,98695.6,221.3,291.6,-12.4,12.62,-4.1,1.18,12462.7,1486.01,72,79,100715,98609.8,221.5,291.8,-9.2,11.24,-1.5,0.26,12454.1,1487.97,66,80,100810,98733.6,222,291.5,-7.2,12.84,-1.9,0.47,22.5,7.739126311
,455601,2012-07-27,12439.3,1481.76,84,80,100765,98644.6,221.4,291.4,-11.3,13.93,-4.1,0.52,12450.1,1480.72,63,87,100614,98518.6,221.5,291.5,-12.8,12.95,-2.3,0.71,12455,1472.05,69,80,100536,98783.6,221.8,291.9,-12.5,12.34,-1.3,0.06,12447,1475.69,79,74,100658,98584,221.5,292,-12.4,13.21,-4.1,-1.94,16.3,7.769542098
,455601,2012-07-28,12430.3,1470.69,85,78,100643,98524.4,221.2,291.3,-13.7,11.97,-3.5,-1.69,12451.1,1466.08,59,88,100522,98749.2,221.7,291.4,-12.9,13.98,0.9,1.31,12461.7,1460.15,69,81,100446,98823.4,221.8,291.7,-12.1,11.78,-1,-0.3,12453.1,1478.39,76,78,100688,98598,221.6,291.7,-11.9,11.96,-1,-1.73,26.5,7.79965483
,455601,2012-07-29,12443.2,1462.22,74,75,100559,98767.4,221.5,291.9,-11.5,8.7,-2.8,-2.04,12459.6,1462.82,57,86,100388,98757.4,221.9,292,-13.6,7.13,-0.8,0.25,12460.7,1463.7,74,84,100475,98680.4,221.9,291.9,-13.9,9.13,-2.7,0.04,12457.5,1475.17,92,81,100644,98528.8,222,292,-14.4,11.26,-3.9,-1.73,28,7.815329313
,455601,2012-07-30,12448.6,1466.7,68,77,100575,98795.4,222,292,-15.3,7.87,-1,-1.31,12465.9,1464.21,53,87,100419,98795,221.9,292,-12.8,7.58,2,0.22,12467.5,1455.12,54,82,100360,98740.6,222.4,292.3,-11.9,7.55,-1.9,-1.95,12459.5,1463.15,90,78,100493,98717.8,222.1,292,-11.8,7.93,-4.9,-2.66,3.1,7.785547379
,455601,2012-07-31,12449.7,1456.09,90,79,100469,98696.6,222.1,291.7,-12.6,7.13,-4.5,-3.67,12469.2,1453.81,52,81,100240,98657.8,222.5,292.7,-12.4,5.23,-1.9,0.34,12471.8,1447.11,66,87,100240,98600.8,222.7,292.6,-9.6,6.15,-1.8,1.53,12464.4,1449.55,78,88,100345,98744,222.7,292.4,-4.9,7.43,-3.8,-4.17,0,7.786529024
,455601,2012-08-01,12459.3,1445.79,59,82,100317,98729.2,223,292.3,-11.8,7.07,-2.1,-2.99,12472.5,1435.75,42,82,100141,98450,222.9,292.8,-13.2,6.29,0.5,-1.8,12473.8,1436.66,80,88,100168,98552.6,222.9,292.3,-13.6,6.35,-1.8,1.06,12459.8,1441.3,93,89,100262,98656.4,222.5,292,-14.7,7.03,-1.9,0.11,0,7.790186834
,455601,2012-08-02,12450.9,1440.29,92,82,100295,98677.8,222.6,291.9,-18.9,13.54,-1.4,-0.58,12465.1,1431,75,88,100125,98436.8,222.9,291.8,-24.5,5.23,-2.1,2.1,12468.3,1432.51,93,89,100155,98524,222.6,291.8,-14.9,4.58,-2.68,2.82,12463.7,1442.27,92,90,100287,98696.6,221.7,291.8,-15.1,7.45,-1.79,1.89,0,7.795299275
,455601,2012-08-03,12450.4,1441.7,84,85,100297,98677.6,221.7,291.5,-13.9,13.82,-0.7,3.9,12462.2,1434.68,90,94,100168,98532.4,222.3,291.7,-16.1,21.57,-2.9,6.82,12459.4,1432.59,93,88,100209,98556.6,222.5,291.6,-16.4,20.33,-8.1,4.42,12452.1,1444.04,93,88,100342,98709,221.9,290.9,-16.7,17.84,-5.3,3.88,0,7.643256092
,455601,2012-08-04,12437,1446.21,83,93,100359,98745,221.9,290.9,-16.1,19.19,-5.5,2.76,12449,1457.24,97,89,100468,98653.4,222.2,290.8,-13.1,18.13,-5.4,4.21,12458.7,1454,89,85,100435,98792.8,222.6,291,-14.3,17.55,-5.6,4.24,12453.7,1466.61,90,88,100615,98466.2,222.4,290.4,-15.9,18.85,-5.6,3.55,0,7.63466773
,455601,2012-08-05,12450.6,1463.57,85,88,100606,98412.8,222.2,290.4,-18.5,19.12,-16.2,2.37,12458.8,1463.43,92,86,100563,98389.4,222,290.7,-18.5,18.2,-17.4,3.07,12457.9,1456.6,80,84,100475,98647.8,222.2,290.8,-19.7,17.88,-11.5,1.33,12455.2,1468.15,61,85,100639,98473.8,223.5,290.7,-18.8,16.98,-18.7,1.43,1.5,7.772303032
,455601,2012-08-06,12439.5,1461.88,96,81,100581,98456.2,222.7,291,-19.5,15.66,-19.2,1.99,12451.1,1464.32,88,89,100525,98389.8,223,290.7,-14.6,12.81,-21.2,2.13,12447.6,1462.58,87,85,100565,98375.4,222.5,290.8,-4.1,14.77,-20.7,-1.6,12436.6,1473.25,70,84,100698,98561.4,221.2,290.6,-6.7,13.22,-19.1,-0.92,0.7,7.797337364
,455601,2012-08-07,12418.2,1477.65,77,85,100754,98626,220.3,290.4,-5.8,16.2,-16.8,1.83,12435,1481.36,77,88,100718,98613.6,220.3,290.2,-4.2,14.69,-7.6,1.26,12436.6,1475.98,71,77,100678,98568.8,220.864,291.1,-16.8,14.74,1.8,0.09,12420.7,1491.58,82,77,100865,98760.8,220.5,290.9,-16.5,14.78,5.5,-1.23,4.9,7.801432516
,455601,2012-08-08,12413.8,1488.08,75,80,100871,98768.8,220.1,290.6,-18,14.38,3.8,-2.03,12430.9,1487.95,72,81,100829,98739,220,290.6,-20.9,11.69,5.9,-3.66,12437.4,1487.58,84,80,100835,98754,220.2,290.4,-16.1,11.85,1.7,-2.99,12422.7,1485.48,90,79,100863,98742.8,219.5,290.7,-15,12.8,-1.57,-4.47,0.5,0
,455601,2012-08-09,12410.6,1482.33,93,84,100839,98752.2,219.3,290.3,-13.9,7.53,-4.61,-5.18,12416,1480.59,93,86,100743,98646.4,219.5,290.7,-19.7,7.97,1.3,-6.65,12420.3,1469.84,95,85,100618,98511,220,290.8,-22.9,8.23,-1.7,-5.15,12413.4,1475.07,98,77,100706,98612.4,219.5,291.5,-20.1,8.25,-1,-6.33,9.6,7.891663304
,455601,2012-08-10,12405.7,1469.96,88,74,100669,98557,219.4,291.7,-17.5,6.81,-1.38,-7.01,12413.8,1464.96,87,85,100480,98719.4,219.7,291.5,-15,5.63,1.07,-5.5,12412,1453.49,86,84,100366,98708.8,220.6,291.8,-15.4,5.43,-1.46,-2.83,12404.2,1462.56,71,84,100536,98746.8,220,291.5,-15.7,4.84,-1.69,-2.33,0,8.039677828
,455601,2012-08-11,12402.8,1460.7,56,84,100547,98745.4,219.8,291.3,-13.6,3.67,-1.83,-2.17,12423.5,1449.1,62,87,100288,98627.4,220.2,291.7,-11.8,3.84,0.9,0.76,12416.1,1447.96,85,86,100340,98693.4,220.9,291.9,-13.1,6.17,-3.13,0.92,12412.5,1452.65,92,87,100446,98827.6,220.3,291.3,-12.2,5.37,-2.2,-2.76,0,8.053274903
,455601,2012-08-12,12401.3,1455.39,90,90,100499,98684.8,219.9,290.9,-6.6,4.83,-2.9,-3.48,12416.6,1449.71,80,89,100350,98687.8,220.8,291.3,-11.8,4.87,-2.7,0.84,12414.1,1451.08,80,84,100407,98787.6,221.4,291.6,-12.8,4.53,-4.8,1.3,12415.7,1461.64,93,89,100573,98407.6,220.8,291,-12.5,4.44,-3.9,0.65,5.4,7.9600578
,455601,2012-08-13,12409.5,1463.64,82,94,100614,98469.4,220.4,290.6,-11.7,4.46,-3.41,1.66,12429,1459.05,62,86,100487,98285.8,220.9,291.5,-11.4,17.35,-1.63,3.76,12432.9,1452.27,79,94,100449,98796,221.3,291.4,-13.2,16.95,-5.07,1.24,12423.9,1468.89,92,92,100659,98456.8,220.7,290.7,-16.8,20.77,-4.18,-1.22,19.2,7.81117113
,455601,2012-08-14,12415.6,1470.62,85,91,100702,98501,220.7,290.4,-17.1,19.79,-2.14,0.71,12424.6,1470.54,88,89,100670,98446,220.8,290.4,-18.4,19.73,-4.9,1.45,12428,1460.68,74,92,100562,98342.6,221.7,290.3,-19.8,21.12,-6.9,1.92,12417.9,1471.53,84,92,100701,98518.8,220.9,290,-19,22.66,-3,2.54,15.4,7.793740664
,455601,2012-08-15,12409.7,1465.18,67,89,100639,98451.8,221,289.9,-17.9,22.09,-2.3,1.84,12419.5,1467.03,81,90,100577,98435,221.1,290.3,-19.9,19.68,-2.9,0.63,12430.1,1460.64,73,87,100560,98381,221.8,290.3,-25,20.16,-5.6,-2.36,12428.2,1470.92,96,89,100729,98524.8,220.5,289.8,-20.4,22.67,-8.2,0.06,5.1,7.800747249
,455601,2012-08-16,12411.2,1461.58,96,91,100611,98409,220,290,-19.3,21.39,-4.2,-1.31,12426.1,1457.35,88,95,100478,98713.6,221.1,290,-19.2,19.32,-4.6,1.71,12440.2,1452.23,92,87,100482,98655.2,221.1,290.1,-18.3,20.6,-7.6,1.29,12439.2,1463.11,96,84,100622,98408.8,220.4,290.3,-6.6,20.19,-12.4,0.59,25.1,7.774077991
,455601,2012-08-17,12418.5,1456.95,95,86,100578,98378,219.8,290.4,-12,19.59,-12.2,1.1,12425.7,1461.34,92,89,100568,98403,221,290.1,-15.4,19.25,-6.2,0.68,12427.5,1456.7,95,83,100538,98723.4,221.3,290.4,-14.4,17.29,-6.8,0.4,12422.6,1466.73,85,86,100654,98527.8,221.2,290.3,-13.3,14.55,-6.8,0.89,0,7.802621358
,455601,2012-08-18,12418.3,1462.21,79,83,100637,98484.2,220.8,290.7,-11.9,13.93,-1.5,-0.78,12420.2,1463.59,80,86,100557,98450.2,220.6,290.7,-7.4,13.85,0.2,0.62,12428.1,1457.49,77,86,100509,98686.6,220.9,290.9,-4.6,15.19,1.3,0.82,12420,1469.37,76,84,100670,98573.4,220.1,290.9,-4.6,13.52,2,-0.82,50,7.813454359
,455601,2012-08-19,12410.7,1467.48,52,81,100654,98534,220.2,290.9,-7.9,12.37,-2.6,-2.19,12422.9,1467.86,70,88,100549,98447.2,220.2,290.6,-11,13.12,-2.9,-1.43,12419,1471.79,89,82,100620,98511.6,220.5,291,-11.6,14.22,-2.4,-0.99,12416.9,1475.02,93,80,100723,98616.8,220.7,291.2,-12.7,12.91,-2.5,-1.1,0.7,7.828093174
,455601,2012-08-20,12408.2,1479.43,81,82,100795,98697.4,220.2,290.9,-13.2,7.41,-1.7,-1.49,12422.2,1472.5,63,87,100603,98503.8,220.7,291,-14,6.99,0.1,-1.76,12425,1474.38,86,84,100633,98456.4,221.1,291.5,-13.7,6.59,-2.4,-1.96,12418.7,1485.28,91,84,100822,98703.2,221,291.1,-12.7,6.31,-4.2,-1.53,0.8,7.867216382
,455601,2012-08-21,12407.8,1482.28,94,86,100822,98699.8,220.4,290.8,-12.7,8.1,-3.1,-1.95,12417.5,1474.68,68,86,100643,98525.6,220.4,290.9,-14.8,7.3,-1,-2,12413,1471.68,79,84,100649,98485.8,220.1,291.3,-14.7,6.03,-2,-2.39,12411,1477.48,86,85,100751,98619.8,219.8,291.1,-13.1,5.45,0.3,-1.74,0,7.886400805
,455601,2012-08-22,12402.1,1479.75,93,85,100789,98626.4,219.2,290.9,-13.8,6.27,2,-1.48,12414.4,1468.72,66,86,100560,98428.6,219.4,291.2,-11.6,5.83,2.3,0.23,12411.8,1469.99,69,86,100605,98459.4,219.9,291.3,-12.8,5.44,2.2,1.01,12412.8,1474.13,84,88,100694,98602.2,219.7,290.9,-13.7,5.23,1.1,0.03,0,7.861852741
,455601,2012-08-23,12397.9,1477.17,93,86,100738,98642.6,219.3,290.8,-12.1,4.59,-2.8,-1.42,12415.8,1467.68,71,87,100538,98362,219.7,291.3,-13.1,5.84,-2.2,-0.89,12415.4,1464.75,74,86,100534,98710.4,220.3,291.6,-15.8,6.91,-1.6,0.6,12417.7,1478.16,89,87,100734,98643.2,220.3,291,-19,5.22,-2.8,-1.68,1.4,7.890296492
,455601,2012-08-24,12413.4,1475.22,80,86,100720,98611.6,220.3,291,-21.2,3.27,-2.5,-1.69,12428.4,1466.33,92,87,100489,98719.2,220.7,291.4,-26.8,3.6,-3.4,-3.37,12425.7,1467.4,94,87,100566,98444.8,220.4,291.7,-19.2,3.05,-4,-4.89,12422.5,1473.23,74,88,100675,98537.4,220.3,291.3,-22.8,4.75,-5.2,-3.27,0,7.949051633
,455601,2012-08-25,12415.3,1468.26,72,88,100639,98492.4,220,291.3,-23.8,3.17,-7.6,-2.02,12429.1,1459.55,94,86,100490,98666.8,220.8,291.3,-25,2.34,-14.7,2.16,12420.9,1455.87,95,86,100483,98587.6,220.7,291.5,-17.7,12.6,-15.6,3.73,12426.3,1461.59,75,88,100552,98420,220.5,291.3,-17.4,2.28,-13.3,3.22,2.2,7.846355892
,455601,2012-08-26,12414.9,1463.43,38,91,100618,98445.2,220.6,291,-14.8,1.28,-7.2,2.86,12425.3,1469.26,71,88,100643,98464.8,220.5,291,-13.8,16.49,-3.9,6.08,12426.4,1469.58,79,81,100654,98429,221.5,291.6,-13.9,16.18,-2.3,2.7,12424.1,1475.11,78,88,100742,98583.8,221.1,291.1,-17.1,13.73,-4.4,0.19,9.3,7.804479965
,455601,2012-08-27,12420.7,1477.22,79,86,100773,98627.4,220.4,291,-16.3,6.71,-2.7,1.56,12435.1,1477.36,77,87,100690,98578.6,220.7,291.3,-14,6.64,-2.5,2.07,12434,1476.79,89,84,100702,98550.2,221.4,291.2,-14,12.02,-4.5,-2.06,12423.5,1481.89,81,79,100781,98696.2,220.6,291.3,-15.1,10.56,-3.8,-2.04,0,7.818960416
,455601,2012-08-28,12414.1,1479.32,61,86,100786,98670.4,220.6,290.6,-15.2,8.85,-1.34,-2.31,12428.4,1474.83,44,84,100667,98521.8,220.9,291.3,-15.9,9.03,0.4,-3.07,12434.8,1466.07,64,86,100518,98736.8,221,291.7,-14.6,9.14,-3.3,-1.9,12425.6,1481.64,64,87,100759,98641.4,220.3,291.3,-16,7.63,0.4,-4.07,57.6,7.885230515
,455601,2012-08-29,12420.5,1476.84,77,84,100725,98623.4,219.8,291.4,-18.1,7.12,1.3,-4.78,12426.9,1471.59,70,81,100601,98857.6,220.4,291.5,-19.6,9.03,-0.8,-5.39,12423.5,1466.78,87,78,100502,98717.2,220.9,292.1,-18,6.2,-2.6,-2.93,12420.4,1479.81,65,74,100688,98620.8,220.8,292,-18.5,5.65,-4.1,-2.97,0.6,7.913815941
,455601,2012-08-30,12420,1481.41,45,76,100738,98642.8,221.7,291.7,-19.2,5.35,-1.5,-3.4,12441,1473.47,37,84,100547,98771.8,221.3,291.9,-18.4,5.95,0.8,-2.4,12437.4,1474.52,89,85,100579,98840.4,221.4,291.5,-15.2,5.52,-3.8,-2.9,12431.5,1477.07,87,82,100694,98600.8,220.9,291.5,-16.3,6.05,-5.7,-3.94,5,7.940167476
,455601,2012-08-31,12423.1,1471.61,88,81,100654,98558.8,220.3,291.4,-17.6,7.28,-4,-5.1,12429.3,1467.72,90,88,100518,98758.8,220.5,291.4,-16.7,6.5,-2.2,-2.33,12429.9,1465.96,86,85,100515,98692.8,221.4,291.7,-16.7,5.58,-1,-2.41,12430.2,1473.47,96,86,100639,98548.2,220.8,291.4,-17.6,3.99,-3.4,-2.73,0,7.952133526
,455601,2012-09-01,12418.1,1468.09,93,86,100613,98832.8,220.4,291.1,-16.4,3.38,-3.4,-2.71,12430.4,1463.36,93,88,100480,98663.4,220.5,291.4,-16,4.39,-3.5,-1.49,12430.8,1470.71,94,86,100562,98387,221.2,291.7,-15.5,2.49,-3,-1.71,12424.6,1473.75,93,90,100664,98594.6,220.6,291.1,-18.4,2.38,0,-0.7,3.2,7.976976228
,455601,2012-09-02,12419,1476.08,93,90,100707,98608.6,220.2,290.9,-19.5,2.72,-1.3,-1.9,12429.2,1467.17,93,88,100568,98778.4,220.9,291.2,-16.7,3.54,-1.3,-1.53,12423.5,1475.63,94,91,100683,98553.6,220.6,291.1,-15,2.42,-2.6,-1.45,12419,1478.32,91,90,100731,98642.6,220.4,290.9,-16.6,3.3,-2.5,-0.96,24.4,7.958618119
,455601,2012-09-03,12412,1476.9,92,88,100730,98664.4,220.2,290.9,-19.2,4.76,-4.5,-1.56,12427.7,1473.47,94,91,100677,98533.4,220.2,290.6,-19.7,4.94,-3.6,-2.43,12430.8,1478.11,94,87,100730,98574.4,220.8,290.9,-21.6,4.62,-5,-0.92,12435.2,1480.57,94,89,100791,98671,220.3,290.6,-14.9,6.44,-13.5,0.51,0,7.882599941
,455601,2012-09-04,12425.4,1481.51,93,90,100827,98720.4,219.5,290,-15,5.11,-5.7,-6.03,12435.7,1488.23,95,89,100888,98784.4,220.1,290.3,-11.2,4.97,-5.9,-1.76,12436.3,1487.11,94,84,100853,98748.4,220.1,290.5,-8,5.96,-6,-4.36,12426,1492.36,95,86,100946,98856.4,219.7,289.9,-12.2,5.68,-4.1,-3.93,15.2,7.859878001
,455601,2012-09-05,12407.7,1497.94,96,82,101030,98911.6,218.9,289.7,-12.4,6.5,-2.6,-2.7,12415,1493.6,85,85,101001,98918.8,219.1,289.6,-13.2,7.6,0.1,-3.51,12411.7,1491.8,91,86,100943,98855.8,219.3,289.6,-12.3,7.34,0.8,-3.92,12403.6,1495.3,95,86,100996,98913.2,218.3,289.6,-6.9,7.83,0.9,-4.33,13.2,7.867708832
,455601,2012-09-06,12384,1500.34,89,83,101075,98965.4,218.4,289.5,-12.2,7.27,-0.9,-4.95,12396.9,1494.49,96,81,100968,98854.4,218.7,289.8,-13.9,6.85,0.9,-3.72,12405.4,1481.91,90,76,100815,98726.8,218.7,290.3,-12.6,5.72,2.8,-4.75,12401.5,1492.52,83,76,100940,98856.8,219.1,290.4,-16.7,4.74,1,-4.48,53.4,7.861115202
,455601,2012-09-07,12391.5,1488.51,84,79,100932,98819.4,219.2,290.1,-18.5,4,0.5,-4.64,12399.6,1485.33,68,83,100762,98704.4,219.5,290.5,-17.2,3.38,2.9,-3.39,12401.5,1479.58,77,80,100691,98633.8,219.2,290.8,-17.3,2.41,-4.5,-2.48,12393.9,1489.12,84,81,100877,98753,219,290.6,-14.6,2.9,-2.6,-1.53,4.6,7.892146871
,455601,2012-09-08,12386.8,1484.59,88,79,100843,98757.6,218.8,290.7,-13.3,4.23,-2.1,-1.26,12397.8,1479.4,93,83,100642,98545.6,219.2,291.2,-13.9,3.71,-3.8,-2.42,12397.9,1480.44,94,83,100694,98594.6,219.9,291.3,-19.6,3.31,-3.8,-1.52,12404.1,1488.24,95,83,100844,98758.4,219.8,291,-20.1,4.23,-4.5,-2.6,0,0
,455601,2012-09-09,12395.8,1490.18,96,82,100902,98789.6,218.8,290.8,-17.7,5.33,-4.37,-3.15,12417.5,1488.44,96,85,100779,98635.6,219,291.1,-18.4,4.74,-6.42,-2.05,12417.9,1493.56,93,87,100893,98718.6,219.9,290.9,-14.7,2.98,-11.89,-1.86,12411.8,1498.26,96,89,100979,98869.6,219.3,290.4,-12.9,1.62,-8.9,1.89,0,7.857949289
,455601,2012-09-10,12394.8,1504.9,93,85,101088,98928.4,218.8,290.4,-13.3,2.59,-9.4,2.89,12411.8,1497.57,93,83,100931,98776.6,218.8,290.9,-13.7,4.38,-8.2,3.6,12401.9,1497.72,91,82,100949,98812,218.6,290.8,-12.5,4.2,-11.4,2.18,12392.4,1499.77,91,84,101005,98879.6,218.1,290.4,-13,3.66,-12.2,1.29,0,7.803603356
,455601,2012-09-11,12375.7,1506.36,90,84,101116,98979.4,217.7,289.9,-6.7,3.43,-15.8,2.13,12378.4,1497.04,91,80,100904,98795.8,217.7,290.3,-7.9,5.41,-7.9,3.68,12376.5,1499.51,83,80,100943,98798.6,218.3,290.4,-11.2,6.2,-6.7,2.1,12372.7,1504.55,66,80,101059,98947,218.7,290,-9.3,5.48,-4.23,0.85,4,7.813033818
,455601,2012-09-12,12365.5,1506.33,75,77,101128,99016.4,218.4,289.8,-12.5,4.7,-5.36,1.87,12372.5,1501.72,78,82,100922,98806.6,217.6,290.5,-15.4,4.71,-5.2,1.77,12370.8,1502.31,92,82,100977,98845.8,218,290.5,-15,4.22,-4.7,0.84,12367.4,1509.47,93,81,101111,99006.6,217.5,290.3,-14.1,3.15,-4.5,-0.6,3.8,7.811551617
,455601,2012-09-13,12356.5,1512.17,84,79,101185,99072.4,217.9,290.2,-13.7,2.77,-5.8,-0.37,12371,1503.8,90,83,100955,98798.2,218.3,290.7,-15.2,5.04,-3.9,0.2,12383.4,1501.59,89,81,100938,98828.8,218.9,291.1,-12.2,3.5,-3.9,-2.19,12372,1505.1,89,82,101030,98938.6,218.4,290.7,-12.5,3.28,-4.2,-2.44,19.7,7.827912581
,455601,2012-09-14,12359.9,1504.22,88,81,101065,98976.4,218.3,290.4,-13.1,3.53,-4.6,-2.4,12374,1497.3,89,84,100897,98792.8,218.5,290.6,-6.3,5.21,-5.2,-3.07,12370,1500.12,92,81,100957,98887.6,219,290.7,-5.3,4.85,-4.6,-4.3,12364.7,1499.98,94,84,101005,98918.6,218.5,290.3,-5.2,4.22,-3.4,-4.92,0,7.862101893
,455601,2012-09-15,12350,1498.54,94,89,101045,98943.6,217.7,290,-4.8,2.92,-3.7,-5.08,12355.3,1488.52,85,89,100917,98840.4,218.4,289.4,-4.2,-7.53,2.3,-5.13,12351.7,1487.59,84,81,100865,98784.8,218.7,289.9,0.9,-5.88,1.2,-4.11,12350.6,1492.96,89,69,100949,98833.4,218.2,290.3,2.4,-6.45,-2.1,-3.67,52.1,7.839684856
,455601,2012-09-16,12333.7,1492.66,83,69,100971,98888.8,218.1,289.7,0.6,-6.01,2,-3.38,12348.7,1488.81,62,74,100803,98712.6,218.7,290.2,-5.8,-3.27,3.3,-3.28,12350.2,1486.36,68,68,100746,98677.6,218.9,290.9,-2.9,-2.26,3.4,-2.17,12346,1496.57,73,65,100932,98832.4,218.5,290.3,-1.9,-1.65,1.8,-1.9,21.1,0
,455601,2012-09-17,12346.2,1499.98,64,69,101032,98928.6,218.6,289.7,-6.6,-1.03,2.8,-3.17,12358,1501.75,77,70,100907,98805.6,218.3,290.5,-7.5,-0.96,5.9,-3.21,12369,1497.09,57,68,100826,98763.4,218.6,291.3,-13.6,-1.18,5.2,-2.28,12360.5,1504.41,69,68,101010,98934.4,218.4,290.8,-14.9,0.22,4.7,-2.05,8.4,0
,455601,2012-09-18,12357.1,1501.19,53,66,101031,98936.6,219.3,290.5,-16.7,0.15,4.6,-3.11,12368.2,1499.9,54,72,100869,98771.4,219.1,291.2,-15.9,1.56,5.8,-2.84,12370.7,1495.93,67,71,100795,98683.4,218.1,292,-16.4,1.61,2.5,-2.98,12366.2,1505.71,80,76,100979,98910.2,218.1,291.4,-19.3,1.47,2.4,-1.96,7.7,0
,455601,2012-09-19,12365.6,1505.73,88,79,101053,98966.6,218,290.4,-20.3,0.21,3.9,-2.97,12366.7,1497.51,61,83,100915,98756.8,218.6,290.4,-20,0.33,4.1,-0.79,12370.7,1496.44,69,81,100910,98791.6,218.5,290.5,-21.2,1.31,2.9,-1.03,12370.8,1504.05,93,78,101041,98925.8,217.9,290.4,-20.6,0.18,2.9,0.54,7.2,0
,455601,2012-09-20,12362.8,1504.94,91,78,101073,98947.6,217.8,290.1,-19.1,-1.45,1.2,0.13,12370.1,1497.31,56,84,100890,98768.6,218.6,290.3,-16.9,0.52,-1,1.48,12376.2,1497.63,86,82,100944,98818.6,219,290.3,-17.6,1.98,-1.1,2.24,12363.7,1501.78,95,80,101026,98906.6,217.9,290.4,-17.4,2.85,-0.92,1.45,15.7,7.822939132
,455601,2012-09-21,12358.4,1508.94,88,82,101135,99000.4,217.9,289.9,-14.1,2.44,0,0.72,12378.6,1495.96,81,83,100920,98778,218.7,290.1,-12.2,2.27,-2.75,1.33,12371.9,1499.29,90,84,100992,98840.6,219.2,290.1,-13.8,3.39,-3.46,1.87,12360.5,1500.76,93,81,101036,98929.6,218.6,290,-13.7,3.39,-0.61,1.38,20.2,7.81845207
,455601,2012-09-22,12351.4,1501.69,94,82,101081,98946.2,217.9,290,-10.1,1.94,-0.86,0.18,12368.2,1491.31,80,84,100826,98655.8,218.2,290.4,-7.9,2.75,-2.88,2.1,12375,1493.29,91,83,100883,98769.2,218.8,290.6,-7.2,3.31,-5.85,1.03,12359.4,1498.78,95,87,100998,98865.6,218.1,290.1,-7.7,2.83,-5.66,-1.18,15.7,7.817233662
,455601,2012-09-23,12353.1,1508.27,94,87,101114,99010.2,217.6,289.9,-7,1.42,-3.2,0.09,12364.8,1488.7,91,84,100860,98752.8,218.3,290.3,-7.5,2.87,-4.6,0.52,12366.8,1501.67,92,84,101004,98895.8,218.2,290.3,-7.7,2.4,-7.4,0.05,12359.9,1507.8,91,85,101097,98998.4,217.9,290.2,-14.1,1.6,-6.7,-1.02,4.3,7.834147205
,455601,2012-09-24,12351.7,1512.55,95,86,101194,98394.8,217.3,289.9,-14.3,0.53,-4.8,-0.46,12362.2,1500.23,94,88,101002,98920.2,217.6,290.1,-13.6,0.79,-4.4,0.67,12359.5,1506.38,95,87,101068,98958.2,217.3,290.2,-4,0.93,-4.9,-0.78,12350.8,1512.08,91,90,101174,99052,217.3,289.9,-7.2,-3.24,-5.4,-0.69,45.5,7.845173503
,455601,2012-09-25,12351.1,1512.52,89,88,101189,99078.6,217.1,289.9,-8.4,-5.16,-6.8,-0.42,12356.5,1503.44,93,85,101033,98982,216.9,290.1,-7,-5.09,-2.8,-1.42,12356.1,1506.96,84,82,101072,98978.4,217.3,290.3,-3.2,-4.4,-3.2,-1.89,12349.5,1508.44,71,79,101121,99024.4,217.5,290.1,-5.4,-7.12,-3.6,-2.69,16.7,7.884663647
,455601,2012-09-26,12342.5,1512.52,71,78,101180,99085.2,217.4,289.8,-12.9,-6.85,1.3,-1.15,12355,1499.7,79,83,100984,98890.4,217.5,290,-14.1,-4.6,5.1,-2.12,12363,1505.73,91,82,101041,98965.2,217.9,289.9,-13.4,-5.84,6.1,-2.67,12361.9,1508.7,89,85,101114,99071.2,217.8,289.7,-12,-6.87,6,-2.25,4.8,7.872805532
,455601,2012-09-27,12356,1511.32,77,88,101195,98436,217.8,289.4,-13.5,-6.21,4.3,-2.07,12368.9,1503.35,88,86,101040,99034.6,217.6,289.8,-15.7,-4.99,5,-2.81,12377.2,1502.16,90,85,101038,98955.6,218.2,290.1,-18,-4.84,5.6,-3.26,12374,1508.4,94,88,101123,99041.2,217.9,289.9,-17.9,-7.89,5.8,-1.5,29.2,7.858168123
,455601,2012-09-28,12368.1,1514.32,92,92,101209,98442.8,217.7,289.5,-16.4,-5.27,4.5,-1.23,12385.7,1504.94,65,90,101074,99119.6,218.1,289.8,-15,-3.52,3.7,-1.59,12390.4,1504.89,90,87,101081,98991.8,218.3,290.1,-12.8,-4.99,2.5,-2.86,12380.1,1512.71,94,89,101197,99118.2,217.8,289.7,-12,-6.05,2.96,-0.98,17,7.861745977
,455601,2012-09-29,12372.9,1518.07,80,89,101275,98527.8,218,289.6,-11.7,-5.27,2.66,-0.45,12389.1,1509.47,84,84,101100,99062.8,218,290.3,-10.5,-4.53,4.16,-1.67,12388.9,1510.75,92,84,101127,99044.4,218.1,290.3,-7.1,-5.48,3.2,-1.37,12386.2,1520.16,89,85,101245,98468.4,218.2,290,-6.7,-7.81,2.7,0.26,33,7.836780952
,455601,2012-09-30,12377.1,1525.7,82,79,101362,98611.2,218.1,289.8,-7.4,-7.9,2.4,-1.08,12384.6,1516.05,60,77,101124,99076.6,218.1,290,-6.5,-6.34,5.33,-3.36,12395.3,1510.23,43,70,101052,98962,218.5,290.5,-4,-7.03,4.4,-3.56,12384.1,1521.73,35,72,101238,98488.4,218.4,290,-3.8,-6.76,3.5,-3.1,9
